#,R,Px,Py,Pz,Vx,Vy,Vz,Fx,Fy,Fz
0,10,0,0,0,0,0,0,0,0,0,
1,1,2.05003,-5.56824,0,2.02609,-3.80094,0,-0.0981293,0.266537,0,
