#,R,Px,Py,Pz,Vx,Vy,Vz,Fx,Fy,Fz
0,10,0,0,0,0,0,0,0,0,0,
1,1,12.4915,-24.9064,0,1.89771,-3.50427,0,-0.0057745,0.0115136,0,
