#,R,Px,Py,Pz,Vx,Vy,Vz,Fx,Fy,Fz
0,10,0,0,0,0,0,0,0,0,0,
1,1,-0.165846,-1.1894,0,2.16572,-5.24987,0,0.957573,6.86748,0,
