#,R,Px,Py,Pz,Vx,Vy,Vz,Fx,Fy,Fz
0,10,0,0,0,0,0,0,0,0,0,
1,1,1.94757,-0.30483,0,0.517478,0.945927,0,-2.54242,0.397936,0,
