#,R,Px,Py,Pz,Vx,Vy,Vz,Fx,Fy,Fz
0,10,0,0,0,0,0,0,0,0,0,
1,1,5.24533,-11.5123,0,1.94405,-3.60115,0,-0.025906,0.0568578,0,
