#,R,Px,Py,Pz,Vx,Vy,Vz,Fx,Fy,Fz
0,10,0,0,0,0,0,0,0,0,0,
1,1,6.53637,-13.9023,0,1.92957,-3.56988,0,-0.0180292,0.0383465,0,
