#,R,Px,Py,Pz,Vx,Vy,Vz,Fx,Fy,Fz
0,10,0,0,0,0,0,0,0,0,0,
1,1,13.6923,-27.1236,0,1.89434,-3.49757,0,-0.0048815,0.00966996,0,
