#,R,Px,Py,Pz,Vx,Vy,Vz,Fx,Fy,Fz
0,10,0,0,0,0,0,0,0,0,0,
1,1,1.75846,-0.0524373,0,-0.977417,1.16651,0,-3.22966,0.0963086,0,
