#,R,Px,Py,Pz,Vx,Vy,Vz,Fx,Fy,Fz
0,10,0,0,0,0,0,0,0,0,0,
1,1,1.96218,-0.33998,0,0.00893411,1.01773,0,-2.48458,0.430495,0,
