#,R,Px,Py,Pz,Vx,Vy,Vz,Fx,Fy,Fz
0,10,0,0,0,0,0,0,0,0,0,
1,1,11.2249,-22.5674,0,1.90196,-3.51278,0,-0.00701018,0.0140937,0,
