#,R,Px,Py,Pz,Vx,Vy,Vz,Fx,Fy,Fz
0,10,0,0,0,0,0,0,0,0,0,
1,1,12.3017,-24.5559,0,1.8983,-3.50544,0,-0.00593783,0.0118528,0,
