#,R,Px,Py,Pz,Vx,Vy,Vz,Fx,Fy,Fz
0,10,0,0,0,0,0,0,0,0,0,
1,1,1.4969,-0.833901,0,1.5927,0.448825,0,-2.97533,1.65751,0,
