#,R,Px,Py,Pz,Vx,Vy,Vz,Fx,Fy,Fz
0,10,0,0,0,0,0,0,0,0,0,
1,1,2.353,-6.13586,0,2.01243,-3.76452,0,-0.0829119,0.216207,0,
