#,R,Px,Py,Pz,Vx,Vy,Vz,Fx,Fy,Fz
0,10,0,0,0,0,0,0,0,0,0,
1,1,0.825369,0.608077,0,-3.17891,0.0811499,0,-7.66036,-5.64364,0,
