#,R,Px,Py,Pz,Vx,Vy,Vz,Fx,Fy,Fz
0,10,0,0,0,0,0,0,0,0,0,
1,1,12.4282,-24.7896,0,1.89791,-3.50466,0,-0.00582818,0.011625,0,
