#,R,Px,Py,Pz,Vx,Vy,Vz,Fx,Fy,Fz
0,10,0,0,0,0,0,0,0,0,0,
1,1,11.6369,-23.3282,0,1.90049,-3.50982,0,-0.00656803,0.0131668,0,
