#,R,Px,Py,Pz,Vx,Vy,Vz,Fx,Fy,Fz
0,10,0,0,0,0,0,0,0,0,0,
1,1,14.0395,-27.7647,0,1.89347,-3.49584,0,-0.00466174,0.0092191,0,
