#,R,Px,Py,Pz,Vx,Vy,Vz,Fx,Fy,Fz
0,10,0,0,0,0,0,0,0,0,0,
1,1,1.76047,-0.512084,0,1.14342,0.803462,0,-2.85649,0.830891,0,
