#,R,Px,Py,Pz,Vx,Vy,Vz,Fx,Fy,Fz
0,10,0,0,0,0,0,0,0,0,0,
1,1,5.14809,-11.3322,0,1.94537,-3.60406,0,-0.0266981,0.0587689,0,
