#,R,Px,Py,Pz,Vx,Vy,Vz,Fx,Fy,Fz
0,10,0,0,0,0,0,0,0,0,0,
1,1,1.85847,-0.427263,0,0.865721,0.877127,0,-2.68002,0.616139,0,
