#,R,Px,Py,Pz,Vx,Vy,Vz,Fx,Fy,Fz
0,10,0,0,0,0,0,0,0,0,0,
1,1,1.9627,-0.272974,0,0.432909,0.958794,0,-2.52238,0.350815,0,
