#,R,Px,Py,Pz,Vx,Vy,Vz,Fx,Fy,Fz
0,10,0,0,0,0,0,0,0,0,0,
1,1,1.80176,-0.675321,0,0.910523,0.768751,0,-2.52914,0.947953,0,
