#,R,Px,Py,Pz,Vx,Vy,Vz,Fx,Fy,Fz
0,10,0,0,0,0,0,0,0,0,0,
1,1,12.2068,-24.3806,0,1.8986,-3.50604,0,-0.00602213,0.012028,0,
