#,R,Px,Py,Pz,Vx,Vy,Vz,Fx,Fy,Fz
0,10,0,0,0,0,0,0,0,0,0,
1,1,1.93637,0.230653,0,-0.548797,0.967489,0,-2.61123,-0.31104,0,
