#,R,Px,Py,Pz,Vx,Vy,Vz,Fx,Fy,Fz
0,10,0,0,0,0,0,0,0,0,0,
1,1,3.71276,-8.66963,0,1.97071,-3.66155,0,-0.0442588,0.103348,0,
