#,R,Px,Py,Pz,Vx,Vy,Vz,Fx,Fy,Fz
0,10,0,0,0,0,0,0,0,0,0,
1,1,1.76914,0.30443,0,-1.09931,0.941326,0,-3.0582,-0.526249,0,
