#,R,Px,Py,Pz,Vx,Vy,Vz,Fx,Fy,Fz
0,10,0,0,0,0,0,0,0,0,0,
1,1,16.4031,-32.1281,0,1.88841,-3.48589,0,-0.0034944,0.00684434,0,
