#,R,Px,Py,Pz,Vx,Vy,Vz,Fx,Fy,Fz
0,10,0,0,0,0,0,0,0,0,0,
1,1,14.8596,-29.2788,0,1.89155,-3.49204,0,-0.00419804,0.00827164,0,
