#,R,Px,Py,Pz,Vx,Vy,Vz,Fx,Fy,Fz
0,10,0,0,0,0,0,0,0,0,0,
1,1,1.84522,-0.712139,0,0.66676,0.826553,0,-2.3848,0.920382,0,
