#,R,Px,Py,Pz,Vx,Vy,Vz,Fx,Fy,Fz
0,10,0,0,0,0,0,0,0,0,0,
1,1,15.2063,-29.9189,0,1.89079,-3.49056,0,-0.00402256,0.00791449,0,
