#,R,Px,Py,Pz,Vx,Vy,Vz,Fx,Fy,Fz
0,10,0,0,0,0,0,0,0,0,0,
1,1,0.386415,-0.682569,0,3.84497,-1.61603,0,-8.00777,14.145,0,
