#,R,Px,Py,Pz,Vx,Vy,Vz,Fx,Fy,Fz
0,10,0,0,0,0,0,0,0,0,0,
1,1,1.76227,-0.611815,0,1.08996,0.756494,0,-2.71469,0.942473,0,
