#,R,Px,Py,Pz,Vx,Vy,Vz,Fx,Fy,Fz
0,10,0,0,0,0,0,0,0,0,0,
1,1,3.74561,-8.73066,0,1.96998,-3.65983,0,-0.0436841,0.101823,0,
