#,R,Px,Py,Pz,Vx,Vy,Vz,Fx,Fy,Fz
0,10,0,0,0,0,0,0,0,0,0,
1,1,1.97498,0.16597,0,-0.376199,0.984245,0,-2.53683,-0.213186,0,
