#,R,Px,Py,Pz,Vx,Vy,Vz,Fx,Fy,Fz
0,10,0,0,0,0,0,0,0,0,0,
1,1,3.08613,-7.50404,0,1.98684,-3.70001,0,-0.0577737,0.140479,0,
