#,R,Px,Py,Pz,Vx,Vy,Vz,Fx,Fy,Fz
0,10,0,0,0,0,0,0,0,0,0,
1,1,7.14658,-15.031,0,1.92426,-3.55863,0,-0.0155013,0.032603,0,
