#,R,Px,Py,Pz,Vx,Vy,Vz,Fx,Fy,Fz
0,10,0,0,0,0,0,0,0,0,0,
1,1,1.9045,-0.608919,0,0.38918,0.925713,0,-2.3825,0.761748,0,
