#,R,Px,Py,Pz,Vx,Vy,Vz,Fx,Fy,Fz
0,10,0,0,0,0,0,0,0,0,0,
1,1,1.96173,0.198719,0,-0.460934,0.976759,0,-2.55899,-0.25922,0,
