#,R,Px,Py,Pz,Vx,Vy,Vz,Fx,Fy,Fz
0,10,0,0,0,0,0,0,0,0,0,
1,1,1.49177,-0.742202,0,1.68157,0.504055,0,-3.22489,1.60448,0,
