#,R,Px,Py,Pz,Vx,Vy,Vz,Fx,Fy,Fz
0,10,0,0,0,0,0,0,0,0,0,
1,1,1.33049,-0.960183,0,1.7977,0.205846,0,-3.01205,2.17372,0,
