#,R,Px,Py,Pz,Vx,Vy,Vz,Fx,Fy,Fz
0,10,0,0,0,0,0,0,0,0,0,
1,1,13.5028,-26.7738,0,1.89484,-3.49855,0,-0.00500803,0.00993006,0,
