#,R,Px,Py,Pz,Vx,Vy,Vz,Fx,Fy,Fz
0,10,0,0,0,0,0,0,0,0,0,
1,1,2.31944,-6.07306,0,2.01383,-3.7682,0,-0.0844229,0.221047,0,
