#,R,Px,Py,Pz,Vx,Vy,Vz,Fx,Fy,Fz
0,10,0,0,0,0,0,0,0,0,0,
1,1,1.64084,0.498043,0,-1.40426,0.792654,0,-3.25428,-0.987768,0,
