#,R,Px,Py,Pz,Vx,Vy,Vz,Fx,Fy,Fz
0,10,0,0,0,0,0,0,0,0,0,
1,1,1.52758,0.3569,0,-1.67709,0.917428,0,-3.95703,-0.924511,0,
