#,R,Px,Py,Pz,Vx,Vy,Vz,Fx,Fy,Fz
0,10,0,0,0,0,0,0,0,0,0,
1,1,11.32,-22.743,0,1.90162,-3.51208,0,-0.00690424,0.0138713,0,
