#,R,Px,Py,Pz,Vx,Vy,Vz,Fx,Fy,Fz
0,10,0,0,0,0,0,0,0,0,0,
1,1,13.9448,-27.5899,0,1.8937,-3.4963,0,-0.00472017,0.00933886,0,
