#,R,Px,Py,Pz,Vx,Vy,Vz,Fx,Fy,Fz
0,10,0,0,0,0,0,0,0,0,0,
1,1,0.145467,0.417947,0,-5.4386,-1.87703,0,-16.7846,-48.2247,0,
