#,R,Px,Py,Pz,Vx,Vy,Vz,Fx,Fy,Fz
0,10,0,0,0,0,0,0,0,0,0,
1,1,-0.0420677,-0.47693,0,3.78409,-4.6414,0,3.83297,43.4552,0,
