#,R,Px,Py,Pz,Vx,Vy,Vz,Fx,Fy,Fz
0,10,0,0,0,0,0,0,0,0,0,
1,1,8.93672,-18.3402,0,1.9123,-3.53378,0,-0.010524,0.0215977,0,
