#,R,Px,Py,Pz,Vx,Vy,Vz,Fx,Fy,Fz
0,10,0,0,0,0,0,0,0,0,0,
1,1,1.94757,-0.396442,0,0.445492,0.936237,0,-2.48065,0.504954,0,
