#,R,Px,Py,Pz,Vx,Vy,Vz,Fx,Fy,Fz
0,10,0,0,0,0,0,0,0,0,0,
1,1,1.95584,-0.27099,0,-0.157994,1.04447,0,-2.54066,0.35202,0,
