#,R,Px,Py,Pz,Vx,Vy,Vz,Fx,Fy,Fz
0,10,0,0,0,0,0,0,0,0,0,
1,1,15.4899,-30.4424,0,1.8902,-3.48939,0,-0.00388709,0.0076393,0,
