#,R,Px,Py,Pz,Vx,Vy,Vz,Fx,Fy,Fz
0,10,0,0,0,0,0,0,0,0,0,
1,1,1.47591,-0.653637,0,1.77703,0.568101,0,-3.50921,1.55412,0,
