#,R,Px,Py,Pz,Vx,Vy,Vz,Fx,Fy,Fz
0,10,0,0,0,0,0,0,0,0,0,
1,1,5.08322,-11.212,0,1.94627,-3.60605,0,-0.0272467,0.0600976,0,
