#,R,Px,Py,Pz,Vx,Vy,Vz,Fx,Fy,Fz
0,10,0,0,0,0,0,0,0,0,0,
1,1,1.45063,0.581798,0,-1.80872,0.653297,0,-3.79944,-1.52382,0,
