#,R,Px,Py,Pz,Vx,Vy,Vz,Fx,Fy,Fz
0,10,0,0,0,0,0,0,0,0,0,
1,1,13.2186,-26.2489,0,1.89561,-3.50008,0,-0.0052073,0.0103405,0,
