#,R,Px,Py,Pz,Vx,Vy,Vz,Fx,Fy,Fz
0,10,0,0,0,0,0,0,0,0,0,
1,1,1.51462,0.577381,0,-1.71788,0.686485,0,-3.55635,-1.3557,0,
