#,R,Px,Py,Pz,Vx,Vy,Vz,Fx,Fy,Fz
0,10,0,0,0,0,0,0,0,0,0,
1,1,10.5905,-21.3956,0,1.90443,-3.51776,0,-0.00778365,0.015725,0,
