#,R,Px,Py,Pz,Vx,Vy,Vz,Fx,Fy,Fz
0,10,0,0,0,0,0,0,0,0,0,
1,1,10.3365,-20.9264,0,1.9055,-3.51991,0,-0.00812957,0.0164584,0,
