#,R,Px,Py,Pz,Vx,Vy,Vz,Fx,Fy,Fz
0,10,0,0,0,0,0,0,0,0,0,
1,1,-0.403649,-0.371278,0,1.01619,-7.15835,0,24.4698,22.5074,0,
