#,R,Px,Py,Pz,Vx,Vy,Vz,Fx,Fy,Fz
0,10,0,0,0,0,0,0,0,0,0,
1,1,0.282591,0.603458,0,-4.3165,-1.60318,0,-9.55116,-20.396,0,
