#,R,Px,Py,Pz,Vx,Vy,Vz,Fx,Fy,Fz
0,10,0,0,0,0,0,0,0,0,0,
1,1,0.136055,0.544353,0,-4.62735,-2.35837,0,-7.70189,-30.8152,0,
