#,R,Px,Py,Pz,Vx,Vy,Vz,Fx,Fy,Fz
0,10,0,0,0,0,0,0,0,0,0,
1,1,2.28585,-6.01019,0,2.01527,-3.77197,0,-0.0859753,0.226055,0,
