#,R,Px,Py,Pz,Vx,Vy,Vz,Fx,Fy,Fz
0,10,0,0,0,0,0,0,0,0,0,
1,1,1.41943,0.592263,0,-1.87204,0.6279,0,-3.90134,-1.62785,0,
