#,R,Px,Py,Pz,Vx,Vy,Vz,Fx,Fy,Fz
0,10,0,0,0,0,0,0,0,0,0,
1,1,1.46375,-0.750603,0,1.73637,0.47595,0,-3.28839,1.68627,0,
