#,R,Px,Py,Pz,Vx,Vy,Vz,Fx,Fy,Fz
0,10,0,0,0,0,0,0,0,0,0,
1,1,10.0188,-20.3395,0,1.90689,-3.52274,0,-0.00859567,0.0174503,0,
