#,R,Px,Py,Pz,Vx,Vy,Vz,Fx,Fy,Fz
0,10,0,0,0,0,0,0,0,0,0,
1,1,0.209738,-0.688581,0,3.67529,-2.53047,0,-5.6236,18.4626,0,
