#,R,Px,Py,Pz,Vx,Vy,Vz,Fx,Fy,Fz
0,10,0,0,0,0,0,0,0,0,0,
1,1,1.79016,-0.0912852,0,-0.872827,1.16173,0,-3.10832,0.158502,0,
