#,R,Px,Py,Pz,Vx,Vy,Vz,Fx,Fy,Fz
0,10,0,0,0,0,0,0,0,0,0,
1,1,4.92092,-10.9112,0,1.94861,-3.61123,0,-0.0286953,0.0636266,0,
