#,R,Px,Py,Pz,Vx,Vy,Vz,Fx,Fy,Fz
0,10,0,0,0,0,0,0,0,0,0,
1,1,1.10226,-0.969818,0,2.17844,-0.102234,0,-3.48301,3.06451,0,
