#,R,Px,Py,Pz,Vx,Vy,Vz,Fx,Fy,Fz
0,10,0,0,0,0,0,0,0,0,0,
1,1,4.85594,-10.7908,0,1.94958,-3.61339,0,-0.0293076,0.065127,0,
