#,R,Px,Py,Pz,Vx,Vy,Vz,Fx,Fy,Fz
0,10,0,0,0,0,0,0,0,0,0,
1,1,3.51542,-8.30285,0,1.97535,-3.67245,0,-0.0479599,0.113273,0,
