#,R,Px,Py,Pz,Vx,Vy,Vz,Fx,Fy,Fz
0,10,0,0,0,0,0,0,0,0,0,
1,1,1.685,-0.660564,0,1.27608,0.686689,0,-2.84231,1.11426,0,
