#,R,Px,Py,Pz,Vx,Vy,Vz,Fx,Fy,Fz
0,10,0,0,0,0,0,0,0,0,0,
1,1,3.77844,-8.79165,0,1.96925,-3.65813,0,-0.0431205,0.100333,0,
