#,R,Px,Py,Pz,Vx,Vy,Vz,Fx,Fy,Fz
0,10,0,0,0,0,0,0,0,0,0,
1,1,3.64704,-8.54749,0,1.97222,-3.66507,0,-0.045443,0.106504,0,
