#,R,Px,Py,Pz,Vx,Vy,Vz,Fx,Fy,Fz
0,10,0,0,0,0,0,0,0,0,0,
1,1,14.3866,-28.4055,0,1.89263,-3.49418,0,-0.00445657,0.00879923,0,
