#,R,Px,Py,Pz,Vx,Vy,Vz,Fx,Fy,Fz
0,10,0,0,0,0,0,0,0,0,0,
1,1,15.5214,-30.5005,0,1.89013,-3.48926,0,-0.00387246,0.00760961,0,
