#,R,Px,Py,Pz,Vx,Vy,Vz,Fx,Fy,Fz
0,10,0,0,0,0,0,0,0,0,0,
1,1,0.272613,-2.14991,0,2.18137,-4.44706,0,-0.267853,2.11236,0,
