#,R,Px,Py,Pz,Vx,Vy,Vz,Fx,Fy,Fz
0,10,0,0,0,0,0,0,0,0,0,
1,1,1.98356,-0.00815134,0,-0.235147,1.00926,0,-2.54156,0.0104444,0,
