#,R,Px,Py,Pz,Vx,Vy,Vz,Fx,Fy,Fz
0,10,0,0,0,0,0,0,0,0,0,
1,1,1.56403,-0.904858,0,1.37257,0.484657,0,-2.65111,1.53378,0,
