#,R,Px,Py,Pz,Vx,Vy,Vz,Fx,Fy,Fz
0,10,0,0,0,0,0,0,0,0,0,
1,1,0.703931,-3.00791,0,2.1284,-4.14458,0,-0.238781,1.02032,0,
