#,R,Px,Py,Pz,Vx,Vy,Vz,Fx,Fy,Fz
0,10,0,0,0,0,0,0,0,0,0,
1,1,13.7555,-27.2402,0,1.89418,-3.49725,0,-0.0048404,0.00958554,0,
