#,R,Px,Py,Pz,Vx,Vy,Vz,Fx,Fy,Fz
0,10,0,0,0,0,0,0,0,0,0,
1,1,14.7335,-29.0459,0,1.89183,-3.4926,0,-0.00426472,0.00840756,0,
