#,R,Px,Py,Pz,Vx,Vy,Vz,Fx,Fy,Fz
0,10,0,0,0,0,0,0,0,0,0,
1,1,0.457388,0.573524,0,-4.0894,-0.755095,0,-11.5864,-14.5283,0,
