#,R,Px,Py,Pz,Vx,Vy,Vz,Fx,Fy,Fz
0,10,0,0,0,0,0,0,0,0,0,
1,1,16.4975,-32.3024,0,1.88824,-3.48555,0,-0.00345722,0.00676929,0,
