#,R,Px,Py,Pz,Vx,Vy,Vz,Fx,Fy,Fz
0,10,0,0,0,0,0,0,0,0,0,
1,1,0.565694,-0.741971,0,3.46164,-1.00485,0,-6.96475,9.13505,0,
