#,R,Px,Py,Pz,Vx,Vy,Vz,Fx,Fy,Fz
0,10,0,0,0,0,0,0,0,0,0,
1,1,1.81292,-0.47057,0,1.0023,0.843033,0,-2.75911,0.716167,0,
