#,R,Px,Py,Pz,Vx,Vy,Vz,Fx,Fy,Fz
0,10,0,0,0,0,0,0,0,0,0,
1,1,0.416811,-0.746435,0,3.55541,-1.56877,0,-6.67044,11.9456,0,
