#,R,Px,Py,Pz,Vx,Vy,Vz,Fx,Fy,Fz
0,10,0,0,0,0,0,0,0,0,0,
1,1,1.88482,0.0585615,0,-0.70435,1.03923,0,-2.81082,-0.0873324,0,
