#,R,Px,Py,Pz,Vx,Vy,Vz,Fx,Fy,Fz
0,10,0,0,0,0,0,0,0,0,0,
1,1,1.42574,0.610551,0,-1.89992,0.614272,0,-3.82148,-1.63649,0,
