#,R,Px,Py,Pz,Vx,Vy,Vz,Fx,Fy,Fz
0,10,0,0,0,0,0,0,0,0,0,
1,1,1.87465,-0.225474,0,-0.533082,1.13098,0,-2.78485,0.334947,0,
