#,R,Px,Py,Pz,Vx,Vy,Vz,Fx,Fy,Fz
0,10,0,0,0,0,0,0,0,0,0,
1,1,11.7002,-23.4452,0,1.90027,-3.50939,0,-0.00650376,0.0130324,0,
