#,R,Px,Py,Pz,Vx,Vy,Vz,Fx,Fy,Fz
0,10,0,0,0,0,0,0,0,0,0,
1,1,7.08243,-14.9123,0,1.92478,-3.55973,0,-0.0157413,0.0331439,0,
