#,R,Px,Py,Pz,Vx,Vy,Vz,Fx,Fy,Fz
0,10,0,0,0,0,0,0,0,0,0,
1,1,1.96119,-0.373779,0,0.0912391,1.0024,0,-2.46443,0.469689,0,
