#,R,Px,Py,Pz,Vx,Vy,Vz,Fx,Fy,Fz
0,10,0,0,0,0,0,0,0,0,0,
1,1,3.94243,-9.09622,0,1.96575,-3.65001,0,-0.0404613,0.0933548,0,
