#,R,Px,Py,Pz,Vx,Vy,Vz,Fx,Fy,Fz
0,10,0,0,0,0,0,0,0,0,0,
1,1,9.85987,-20.0459,0,1.90762,-3.52422,0,-0.00884401,0.0179806,0,
