#,R,Px,Py,Pz,Vx,Vy,Vz,Fx,Fy,Fz
0,10,0,0,0,0,0,0,0,0,0,
1,1,0.901162,0.671453,0,-2.91374,0.0483394,0,-6.34932,-4.73086,0,
