#,R,Px,Py,Pz,Vx,Vy,Vz,Fx,Fy,Fz
0,10,0,0,0,0,0,0,0,0,0,
1,1,1.49853,0.371934,0,-1.74304,0.90202,0,-4.07124,-1.01048,0,
