#,R,Px,Py,Pz,Vx,Vy,Vz,Fx,Fy,Fz
0,10,0,0,0,0,0,0,0,0,0,
1,1,1.17116,-0.719704,0,2.37852,0.246052,0,-4.50883,2.77077,0,
