#,R,Px,Py,Pz,Vx,Vy,Vz,Fx,Fy,Fz
0,10,0,0,0,0,0,0,0,0,0,
1,1,11.6686,-23.3867,0,1.90038,-3.5096,0,-0.00653578,0.0130993,0,
