#,R,Px,Py,Pz,Vx,Vy,Vz,Fx,Fy,Fz
0,10,0,0,0,0,0,0,0,0,0,
1,1,1.78654,0.400627,0,-1.04896,0.884256,0,-2.9108,-0.65274,0,
