#,R,Px,Py,Pz,Vx,Vy,Vz,Fx,Fy,Fz
0,10,0,0,0,0,0,0,0,0,0,
1,1,1.86718,-0.607478,0,0.702075,0.842719,0,-2.46652,0.802473,0,
