#,R,Px,Py,Pz,Vx,Vy,Vz,Fx,Fy,Fz
0,10,0,0,0,0,0,0,0,0,0,
1,1,1.89293,0.17569,0,-0.715992,0.99011,0,-2.75514,-0.255716,0,
