#,R,Px,Py,Pz,Vx,Vy,Vz,Fx,Fy,Fz
0,10,0,0,0,0,0,0,0,0,0,
1,1,1.81332,0.0168333,0,-0.886452,1.09472,0,-3.04084,-0.0282284,0,
