#,R,Px,Py,Pz,Vx,Vy,Vz,Fx,Fy,Fz
0,10,0,0,0,0,0,0,0,0,0,
1,1,1.89801,-0.624347,0,0.428836,0.912668,0,-2.37942,0.782703,0,
