#,R,Px,Py,Pz,Vx,Vy,Vz,Fx,Fy,Fz
0,10,0,0,0,0,0,0,0,0,0,
1,1,11.9219,-23.8545,0,1.89952,-3.50789,0,-0.00628614,0.012578,0,
