#,R,Px,Py,Pz,Vx,Vy,Vz,Fx,Fy,Fz
0,10,0,0,0,0,0,0,0,0,0,
1,1,13.6607,-27.0653,0,1.89442,-3.49773,0,-0.00490225,0.00971259,0,
