#,R,Px,Py,Pz,Vx,Vy,Vz,Fx,Fy,Fz
0,10,0,0,0,0,0,0,0,0,0,
1,1,1.98831,-0.191738,0,0.223844,0.984295,0,-2.49461,0.240562,0,
