#,R,Px,Py,Pz,Vx,Vy,Vz,Fx,Fy,Fz
0,10,0,0,0,0,0,0,0,0,0,
1,1,13.8502,-27.4151,0,1.89394,-3.49677,0,-0.00477971,0.00946099,0,
