#,R,Px,Py,Pz,Vx,Vy,Vz,Fx,Fy,Fz
0,10,0,0,0,0,0,0,0,0,0,
1,1,1.66316,0.0449751,0,-1.25844,1.1685,0,-3.61123,-0.0976548,0,
