#,R,Px,Py,Pz,Vx,Vy,Vz,Fx,Fy,Fz
0,10,0,0,0,0,0,0,0,0,0,
1,1,1.92784,-0.39108,0,-0.138209,1.06547,0,-2.53271,0.513784,0,
