#,R,Px,Py,Pz,Vx,Vy,Vz,Fx,Fy,Fz
0,10,0,0,0,0,0,0,0,0,0,
1,1,10.5588,-21.337,0,1.90456,-3.51802,0,-0.00782566,0.0158139,0,
