#,R,Px,Py,Pz,Vx,Vy,Vz,Fx,Fy,Fz
0,10,0,0,0,0,0,0,0,0,0,
1,1,1.94566,0.231205,0,-0.546452,0.967722,0,-2.58662,-0.307372,0,
