#,R,Px,Py,Pz,Vx,Vy,Vz,Fx,Fy,Fz
0,10,0,0,0,0,0,0,0,0,0,
1,1,1.94845,-0.235886,0,-0.242974,1.05587,0,-2.57717,0.312002,0,
