#,R,Px,Py,Pz,Vx,Vy,Vz,Fx,Fy,Fz
0,10,0,0,0,0,0,0,0,0,0,
1,1,0.619749,0.501803,0,-3.91038,0.0609319,0,-12.2219,-9.89589,0,
