#,R,Px,Py,Pz,Vx,Vy,Vz,Fx,Fy,Fz
0,10,0,0,0,0,0,0,0,0,0,
1,1,-0.106818,-0.317809,0,4.1768,-6.29648,0,28.3414,84.3227,0,
