#,R,Px,Py,Pz,Vx,Vy,Vz,Fx,Fy,Fz
0,10,0,0,0,0,0,0,0,0,0,
1,1,5.79522,-12.5306,0,1.93725,-3.58633,0,-0.0220232,0.0476195,0,
