#,R,Px,Py,Pz,Vx,Vy,Vz,Fx,Fy,Fz
0,10,0,0,0,0,0,0,0,0,0,
1,1,11.7636,-23.5622,0,1.90006,-3.50895,0,-0.00644044,0.0129001,0,
