#,R,Px,Py,Pz,Vx,Vy,Vz,Fx,Fy,Fz
0,10,0,0,0,0,0,0,0,0,0,
1,1,1.77883,-5.05855,0,2.04042,-3.84089,0,-0.115374,0.328094,0,
