#,R,Px,Py,Pz,Vx,Vy,Vz,Fx,Fy,Fz
0,10,0,0,0,0,0,0,0,0,0,
1,1,4.46535,-10.0666,0,1.95588,-3.62749,0,-0.0334342,0.0753736,0,
