#,R,Px,Py,Pz,Vx,Vy,Vz,Fx,Fy,Fz
0,10,0,0,0,0,0,0,0,0,0,
1,1,1.9088,-0.36716,0,0.689214,0.915209,0,-2.59904,0.499929,0,
