#,R,Px,Py,Pz,Vx,Vy,Vz,Fx,Fy,Fz
0,10,0,0,0,0,0,0,0,0,0,
1,1,3.18542,-7.68893,0,1.98399,-3.69311,0,-0.0552563,0.133377,0,
