#,R,Px,Py,Pz,Vx,Vy,Vz,Fx,Fy,Fz
0,10,0,0,0,0,0,0,0,0,0,
1,1,16.2772,-31.8957,0,1.88865,-3.48635,0,-0.00354491,0.00694636,0,
