#,R,Px,Py,Pz,Vx,Vy,Vz,Fx,Fy,Fz
0,10,0,0,0,0,0,0,0,0,0,
1,1,1.33558,0.442328,0,-2.10455,0.800472,0,-4.79576,-1.58829,0,
