#,R,Px,Py,Pz,Vx,Vy,Vz,Fx,Fy,Fz
0,10,0,0,0,0,0,0,0,0,0,
1,1,4.56312,-10.2479,0,1.95423,-3.62377,0,-0.0323237,0.0725932,0,
