#,R,Px,Py,Pz,Vx,Vy,Vz,Fx,Fy,Fz
0,10,0,0,0,0,0,0,0,0,0,
1,1,1.82163,0.387768,0,-0.99267,0.895997,0,-2.81975,-0.600238,0,
