#,R,Px,Py,Pz,Vx,Vy,Vz,Fx,Fy,Fz
0,10,0,0,0,0,0,0,0,0,0,
1,1,-0.176431,-0.212867,0,2.78545,-7.97518,0,83.4815,100.722,0,
