#,R,Px,Py,Pz,Vx,Vy,Vz,Fx,Fy,Fz
0,10,0,0,0,0,0,0,0,0,0,
1,1,1.98347,-0.250426,0,0.074489,0.998928,0,-2.48225,0.313401,0,
