#,R,Px,Py,Pz,Vx,Vy,Vz,Fx,Fy,Fz
0,10,0,0,0,0,0,0,0,0,0,
1,1,1.95103,-0.439768,0,0.254369,0.967766,0,-2.43888,0.549731,0,
