#,R,Px,Py,Pz,Vx,Vy,Vz,Fx,Fy,Fz
0,10,0,0,0,0,0,0,0,0,0,
1,1,6.31111,-13.4855,0,1.93175,-3.57452,0,-0.0191202,0.0408557,0,
