#,R,Px,Py,Pz,Vx,Vy,Vz,Fx,Fy,Fz
0,10,0,0,0,0,0,0,0,0,0,
1,1,0.912821,-0.730381,0,2.89457,-0.125039,0,-5.71316,4.57131,0,
