#,R,Px,Py,Pz,Vx,Vy,Vz,Fx,Fy,Fz
0,10,0,0,0,0,0,0,0,0,0,
1,1,1.7441,-0.624424,0,1.13568,0.740124,0,-2.7434,0.982193,0,
