#,R,Px,Py,Pz,Vx,Vy,Vz,Fx,Fy,Fz
0,10,0,0,0,0,0,0,0,0,0,
1,1,1.38563,-0.860849,0,1.79979,0.325234,0,-3.19208,1.98315,0,
