#,R,Px,Py,Pz,Vx,Vy,Vz,Fx,Fy,Fz
0,10,0,0,0,0,0,0,0,0,0,
1,1,-0.303812,-0.813766,0,1.97648,-5.91583,0,4.63555,12.4164,0,
