#,R,Px,Py,Pz,Vx,Vy,Vz,Fx,Fy,Fz
0,10,0,0,0,0,0,0,0,0,0,
1,1,13.8817,-27.4734,0,1.89386,-3.49662,0,-0.00475974,0.00942001,0,
