#,R,Px,Py,Pz,Vx,Vy,Vz,Fx,Fy,Fz
0,10,0,0,0,0,0,0,0,0,0,
1,1,8.23476,-17.0429,0,1.91646,-3.54235,0,-0.0121432,0.0251319,0,
