#,R,Px,Py,Pz,Vx,Vy,Vz,Fx,Fy,Fz
0,10,0,0,0,0,0,0,0,0,0,
1,1,7.88318,-16.393,0,1.91878,-3.54717,0,-0.0130981,0.0272373,0,
