#,R,Px,Py,Pz,Vx,Vy,Vz,Fx,Fy,Fz
0,10,0,0,0,0,0,0,0,0,0,
1,1,0.23611,0.44923,0,-5.13754,-1.30422,0,-18.0637,-34.3686,0,
