#,R,Px,Py,Pz,Vx,Vy,Vz,Fx,Fy,Fz
0,10,0,0,0,0,0,0,0,0,0,
1,1,8.04304,-16.6885,0,1.9177,-3.54493,0,-0.0126505,0.0262484,0,
