#,R,Px,Py,Pz,Vx,Vy,Vz,Fx,Fy,Fz
0,10,0,0,0,0,0,0,0,0,0,
1,1,11.0347,-22.216,0,1.90268,-3.51422,0,-0.00722956,0.0145552,0,
