#,R,Px,Py,Pz,Vx,Vy,Vz,Fx,Fy,Fz
0,10,0,0,0,0,0,0,0,0,0,
1,1,1.85517,-0.0378926,0,-0.739074,1.09317,0,-2.90377,0.0593109,0,
