#,R,Px,Py,Pz,Vx,Vy,Vz,Fx,Fy,Fz
0,10,0,0,0,0,0,0,0,0,0,
1,1,0.91676,0.477245,0,-3.10524,0.565077,0,-8.30366,-4.32271,0,
