#,R,Px,Py,Pz,Vx,Vy,Vz,Fx,Fy,Fz
0,10,0,0,0,0,0,0,0,0,0,
1,1,9.4145,-19.223,0,1.90978,-3.52862,0,-0.00960009,0.019602,0,
