#,R,Px,Py,Pz,Vx,Vy,Vz,Fx,Fy,Fz
0,10,0,0,0,0,0,0,0,0,0,
1,1,1.89087,-0.639558,0,0.468461,0.899266,0,-2.37747,0.804145,0,
