#,R,Px,Py,Pz,Vx,Vy,Vz,Fx,Fy,Fz
0,10,0,0,0,0,0,0,0,0,0,
1,1,3.44954,-8.18034,0,1.97698,-3.67632,0,-0.049298,0.116907,0,
