#,R,Px,Py,Pz,Vx,Vy,Vz,Fx,Fy,Fz
0,10,0,0,0,0,0,0,0,0,0,
1,1,0.739404,-3.07698,0,2.12442,-4.12757,0,-0.233311,0.970908,0,
