#,R,Px,Py,Pz,Vx,Vy,Vz,Fx,Fy,Fz
0,10,0,0,0,0,0,0,0,0,0,
1,1,13.566,-26.8904,0,1.89467,-3.49822,0,-0.00496531,0.0098422,0,
