#,R,Px,Py,Pz,Vx,Vy,Vz,Fx,Fy,Fz
0,10,0,0,0,0,0,0,0,0,0,
1,1,7.49913,-15.6829,0,1.92152,-3.55289,0,-0.0142754,0.0298542,0,
