#,R,Px,Py,Pz,Vx,Vy,Vz,Fx,Fy,Fz
0,10,0,0,0,0,0,0,0,0,0,
1,1,5.85978,-12.6502,0,1.93651,-3.58475,0,-0.0216251,0.0466846,0,
