#,R,Px,Py,Pz,Vx,Vy,Vz,Fx,Fy,Fz
0,10,0,0,0,0,0,0,0,0,0,
1,1,12.7761,-25.4319,0,1.89686,-3.50257,0,-0.00554194,0.0110317,0,
