#,R,Px,Py,Pz,Vx,Vy,Vz,Fx,Fy,Fz
0,10,0,0,0,0,0,0,0,0,0,
1,1,5.50434,-11.9921,0,1.94071,-3.59385,0,-0.0239596,0.0521997,0,
