#,R,Px,Py,Pz,Vx,Vy,Vz,Fx,Fy,Fz
0,10,0,0,0,0,0,0,0,0,0,
1,1,2.72074,-6.82292,0,1.99848,-3.72878,0,-0.0686505,0.172158,0,
