#,R,Px,Py,Pz,Vx,Vy,Vz,Fx,Fy,Fz
0,10,0,0,0,0,0,0,0,0,0,
1,1,8.77732,-18.0456,0,1.91319,-3.53562,0,-0.0108621,0.0223317,0,
