#,R,Px,Py,Pz,Vx,Vy,Vz,Fx,Fy,Fz
0,10,0,0,0,0,0,0,0,0,0,
1,1,1.88853,-0.578726,0,0.620001,0.869032,0,-2.45066,0.750988,0,
