#,R,Px,Py,Pz,Vx,Vy,Vz,Fx,Fy,Fz
0,10,0,0,0,0,0,0,0,0,0,
1,1,1.24653,0.637126,0,-2.21691,0.471349,0,-4.54358,-2.32232,0,
