#,R,Px,Py,Pz,Vx,Vy,Vz,Fx,Fy,Fz
0,10,0,0,0,0,0,0,0,0,0,
1,1,0.126514,-1.84656,0,2.1969,-4.61919,0,-0.199525,2.91221,0,
