#,R,Px,Py,Pz,Vx,Vy,Vz,Fx,Fy,Fz
0,10,0,0,0,0,0,0,0,0,0,
1,1,1.98541,0.133009,0,-0.292072,0.990238,0,-2.51989,-0.168815,0,
