#,R,Px,Py,Pz,Vx,Vy,Vz,Fx,Fy,Fz
0,10,0,0,0,0,0,0,0,0,0,
1,1,1.4463,-0.663105,0,1.83688,0.540662,0,-3.59084,1.64634,0,
