#,R,Px,Py,Pz,Vx,Vy,Vz,Fx,Fy,Fz
0,10,0,0,0,0,0,0,0,0,0,
1,1,0.482877,0.658253,0,-3.85572,-0.882475,0,-8.87499,-12.0983,0,
