#,R,Px,Py,Pz,Vx,Vy,Vz,Fx,Fy,Fz
0,10,0,0,0,0,0,0,0,0,0,
1,1,0.823016,0.697004,0,-3.10857,-0.114041,0,-6.5606,-5.5561,0,
