#,R,Px,Py,Pz,Vx,Vy,Vz,Fx,Fy,Fz
0,10,0,0,0,0,0,0,0,0,0,
1,1,8.17087,-16.9248,0,1.91687,-3.5432,0,-0.0123088,0.025496,0,
