#,R,Px,Py,Pz,Vx,Vy,Vz,Fx,Fy,Fz
0,10,0,0,0,0,0,0,0,0,0,
1,1,10.6223,-21.4543,0,1.9043,-3.5175,0,-0.00774197,0.0156368,0,
