#,R,Px,Py,Pz,Vx,Vy,Vz,Fx,Fy,Fz
0,10,0,0,0,0,0,0,0,0,0,
1,1,1.93628,-0.487675,0,0.376051,0.938197,0,-2.4322,0.612578,0,
