#,R,Px,Py,Pz,Vx,Vy,Vz,Fx,Fy,Fz
0,10,0,0,0,0,0,0,0,0,0,
1,1,-0.218484,-0.11895,0,0.563062,-8.84744,0,141.921,77.2669,0,
