#,R,Px,Py,Pz,Vx,Vy,Vz,Fx,Fy,Fz
0,10,0,0,0,0,0,0,0,0,0,
1,1,1.20832,0.644337,0,-2.29264,0.432644,0,-4.70555,-2.50924,0,
