#,R,Px,Py,Pz,Vx,Vy,Vz,Fx,Fy,Fz
0,10,0,0,0,0,0,0,0,0,0,
1,1,1.75071,0.44646,0,-1.18417,0.852225,0,-2.96842,-0.756995,0,
