#,R,Px,Py,Pz,Vx,Vy,Vz,Fx,Fy,Fz
0,10,0,0,0,0,0,0,0,0,0,
1,1,10.8444,-21.8645,0,1.90341,-3.5157,0,-0.00745949,0.0150399,0,
