#,R,Px,Py,Pz,Vx,Vy,Vz,Fx,Fy,Fz
0,10,0,0,0,0,0,0,0,0,0,
1,1,0.733499,0.551633,0,-3.49898,0.0952198,0,-9.4882,-7.13567,0,
