#,R,Px,Py,Pz,Vx,Vy,Vz,Fx,Fy,Fz
0,10,0,0,0,0,0,0,0,0,0,
1,1,1.46835,0.386687,0,-1.8109,0.885178,0,-4.19432,-1.10457,0,
