#,R,Px,Py,Pz,Vx,Vy,Vz,Fx,Fy,Fz
0,10,0,0,0,0,0,0,0,0,0,
1,1,7.53116,-15.7421,0,1.92128,-3.55239,0,-0.0141713,0.0296218,0,
