#,R,Px,Py,Pz,Vx,Vy,Vz,Fx,Fy,Fz
0,10,0,0,0,0,0,0,0,0,0,
1,1,6.56853,-13.9618,0,1.92927,-3.56924,0,-0.0178811,0.0380072,0,
