#,R,Px,Py,Pz,Vx,Vy,Vz,Fx,Fy,Fz
0,10,0,0,0,0,0,0,0,0,0,
1,1,0.929328,0.603986,0,-2.94482,0.238203,0,-6.82548,-4.436,0,
