#,R,Px,Py,Pz,Vx,Vy,Vz,Fx,Fy,Fz
0,10,0,0,0,0,0,0,0,0,0,
1,1,0.959477,-0.731195,0,2.79935,-0.0488507,0,-5.46552,4.16515,0,
