#,R,Px,Py,Pz,Vx,Vy,Vz,Fx,Fy,Fz
0,10,0,0,0,0,0,0,0,0,0,
1,1,4.30222,-9.76402,0,1.95876,-3.63402,0,-0.0354177,0.0803816,0,
