#,R,Px,Py,Pz,Vx,Vy,Vz,Fx,Fy,Fz
0,10,0,0,0,0,0,0,0,0,0,
1,1,8.71353,-17.9277,0,1.91356,-3.53637,0,-0.0110019,0.022636,0,
