#,R,Px,Py,Pz,Vx,Vy,Vz,Fx,Fy,Fz
0,10,0,0,0,0,0,0,0,0,0,
1,1,7.33895,-15.3867,0,1.92274,-3.55544,0,-0.0148138,0.0310583,0,
