#,R,Px,Py,Pz,Vx,Vy,Vz,Fx,Fy,Fz
0,10,0,0,0,0,0,0,0,0,0,
1,1,15.2379,-29.977,0,1.89072,-3.49043,0,-0.00400716,0.00788318,0,
