#,R,Px,Py,Pz,Vx,Vy,Vz,Fx,Fy,Fz
0,10,0,0,0,0,0,0,0,0,0,
1,1,1.2929,-0.875348,0,1.96606,0.215801,0,-3.39672,2.29972,0,
