#,R,Px,Py,Pz,Vx,Vy,Vz,Fx,Fy,Fz
0,10,0,0,0,0,0,0,0,0,0,
1,1,2.01623,-5.50482,0,2.02775,-3.8055,0,-0.10007,0.273217,0,
