#,R,Px,Py,Pz,Vx,Vy,Vz,Fx,Fy,Fz
0,10,0,0,0,0,0,0,0,0,0,
1,1,4.72588,-10.5497,0,1.95159,-3.61787,0,-0.0305931,0.0682939,0,
