#,R,Px,Py,Pz,Vx,Vy,Vz,Fx,Fy,Fz
0,10,0,0,0,0,0,0,0,0,0,
1,1,1.96922,-0.256897,0,0.390869,0.964641,0,-2.51432,0.328008,0,
