#,R,Px,Py,Pz,Vx,Vy,Vz,Fx,Fy,Fz
0,10,0,0,0,0,0,0,0,0,0,
1,1,11.8269,-23.6791,0,1.89984,-3.50852,0,-0.00637804,0.0127697,0,
