#,R,Px,Py,Pz,Vx,Vy,Vz,Fx,Fy,Fz
0,10,0,0,0,0,0,0,0,0,0,
1,1,8.68164,-17.8688,0,1.91374,-3.53675,0,-0.0110728,0.0227904,0,
