#,R,Px,Py,Pz,Vx,Vy,Vz,Fx,Fy,Fz
0,10,0,0,0,0,0,0,0,0,0,
1,1,0.0649233,0.424738,0,-5.13763,-2.80556,0,-8.18452,-53.5443,0,
