#,R,Px,Py,Pz,Vx,Vy,Vz,Fx,Fy,Fz
0,10,0,0,0,0,0,0,0,0,0,
1,1,1.61967,0.52827,0,-1.49287,0.764464,0,-3.27558,-1.06836,0,
