#,R,Px,Py,Pz,Vx,Vy,Vz,Fx,Fy,Fz
0,10,0,0,0,0,0,0,0,0,0,
1,1,1.66339,0.161696,0,-1.31945,1.0741,0,-3.56357,-0.34641,0,
