#,R,Px,Py,Pz,Vx,Vy,Vz,Fx,Fy,Fz
0,10,0,0,0,0,0,0,0,0,0,
1,1,11.9852,-23.9715,0,1.89931,-3.50747,0,-0.00622598,0.0124525,0,
