#,R,Px,Py,Pz,Vx,Vy,Vz,Fx,Fy,Fz
0,10,0,0,0,0,0,0,0,0,0,
1,1,1.92322,-0.442807,0,0.570195,0.908638,0,-2.50202,0.576072,0,
