#,R,Px,Py,Pz,Vx,Vy,Vz,Fx,Fy,Fz
0,10,0,0,0,0,0,0,0,0,0,
1,1,8.33057,-17.22,0,1.91585,-3.5411,0,-0.0119011,0.0246004,0,
