#,R,Px,Py,Pz,Vx,Vy,Vz,Fx,Fy,Fz
0,10,0,0,0,0,0,0,0,0,0,
1,1,14.9227,-29.3952,0,1.89141,-3.49177,0,-0.00416529,0.00820492,0,
