#,R,Px,Py,Pz,Vx,Vy,Vz,Fx,Fy,Fz
0,10,0,0,0,0,0,0,0,0,0,
1,1,3.48249,-8.24161,0,1.97616,-3.67437,0,-0.048622,0.115068,0,
