#,R,Px,Py,Pz,Vx,Vy,Vz,Fx,Fy,Fz
0,10,0,0,0,0,0,0,0,0,0,
1,1,1.19506,-3.95335,0,2.08057,-3.96432,0,-0.169641,0.561186,0,
