#,R,Px,Py,Pz,Vx,Vy,Vz,Fx,Fy,Fz
0,10,0,0,0,0,0,0,0,0,0,
1,1,0.551181,0.500069,0,-4.11407,-0.104,0,-13.3716,-12.1316,0,
