#,R,Px,Py,Pz,Vx,Vy,Vz,Fx,Fy,Fz
0,10,0,0,0,0,0,0,0,0,0,
1,1,1.22973,-4.01942,0,2.07774,-3.95497,0,-0.165589,0.541232,0,
