#,R,Px,Py,Pz,Vx,Vy,Vz,Fx,Fy,Fz
0,10,0,0,0,0,0,0,0,0,0,
1,1,5.34251,-11.6923,0,1.94276,-3.59834,0,-0.0251489,0.0550397,0,
