#,R,Px,Py,Pz,Vx,Vy,Vz,Fx,Fy,Fz
0,10,0,0,0,0,0,0,0,0,0,
1,1,3.97519,-9.15706,0,1.96507,-3.64845,0,-0.0399592,0.0920481,0,
