#,R,Px,Py,Pz,Vx,Vy,Vz,Fx,Fy,Fz
0,10,0,0,0,0,0,0,0,0,0,
1,1,1.96755,0.0423047,0,-0.362842,1.00869,0,-2.58135,-0.0555022,0,
