#,R,Px,Py,Pz,Vx,Vy,Vz,Fx,Fy,Fz
0,10,0,0,0,0,0,0,0,0,0,
1,1,1.61748,-0.789955,0,1.35194,0.576225,0,-2.77312,1.35436,0,
