#,R,Px,Py,Pz,Vx,Vy,Vz,Fx,Fy,Fz
0,10,0,0,0,0,0,0,0,0,0,
1,1,1.44211,-0.940667,0,1.60182,0.342012,0,-2.82529,1.8429,0,
