#,R,Px,Py,Pz,Vx,Vy,Vz,Fx,Fy,Fz
0,10,0,0,0,0,0,0,0,0,0,
1,1,1.99369,-0.158733,0,0.140721,0.991961,0,-2.49212,0.198417,0,
