#,R,Px,Py,Pz,Vx,Vy,Vz,Fx,Fy,Fz
0,10,0,0,0,0,0,0,0,0,0,
1,1,1.61653,0.510979,0,-1.45849,0.776192,0,-3.31734,-1.0486,0,
