#,R,Px,Py,Pz,Vx,Vy,Vz,Fx,Fy,Fz
0,10,0,0,0,0,0,0,0,0,0,
1,1,0.66839,-2.93853,0,2.13247,-4.16247,0,-0.244218,1.07369,0,
