#,R,Px,Py,Pz,Vx,Vy,Vz,Fx,Fy,Fz
0,10,0,0,0,0,0,0,0,0,0,
1,1,8.36251,-17.279,0,1.91566,-3.54069,0,-0.011822,0.024427,0,
