#,R,Px,Py,Pz,Vx,Vy,Vz,Fx,Fy,Fz
0,10,0,0,0,0,0,0,0,0,0,
1,1,1.437,0.401133,0,-1.8808,0.866769,0,-4.32718,-1.20792,0,
