#,R,Px,Py,Pz,Vx,Vy,Vz,Fx,Fy,Fz
0,10,0,0,0,0,0,0,0,0,0,
1,1,0.232729,0.507454,0,-4.70777,-1.67139,0,-13.3752,-29.1641,0,
