#,R,Px,Py,Pz,Vx,Vy,Vz,Fx,Fy,Fz
0,10,0,0,0,0,0,0,0,0,0,
1,1,7.3069,-15.3274,0,1.92299,-3.55596,0,-0.0149251,0.0313079,0,
