#,R,Px,Py,Pz,Vx,Vy,Vz,Fx,Fy,Fz
0,10,0,0,0,0,0,0,0,0,0,
1,1,1.44956,0.30004,0,-1.84163,0.998534,0,-4.46887,-0.924996,0,
