#,R,Px,Py,Pz,Vx,Vy,Vz,Fx,Fy,Fz
0,10,0,0,0,0,0,0,0,0,0,
1,1,1.83001,-0.648915,0,0.826473,0.799828,0,-2.49999,0.886489,0,
