#,R,Px,Py,Pz,Vx,Vy,Vz,Fx,Fy,Fz
0,10,0,0,0,0,0,0,0,0,0,
1,1,1.09519,0.51138,0,-2.63635,0.595169,0,-6.20209,-2.89596,0,
