#,R,Px,Py,Pz,Vx,Vy,Vz,Fx,Fy,Fz
0,10,0,0,0,0,0,0,0,0,0,
1,1,2.11754,-5.69487,0,2.02285,-3.79217,0,-0.0944101,0.253905,0,
