#,R,Px,Py,Pz,Vx,Vy,Vz,Fx,Fy,Fz
0,10,0,0,0,0,0,0,0,0,0,
1,1,14.7966,-29.1624,0,1.89169,-3.49232,0,-0.00423118,0.00833918,0,
