#,R,Px,Py,Pz,Vx,Vy,Vz,Fx,Fy,Fz
0,10,0,0,0,0,0,0,0,0,0,
1,1,2.6207,-6.63618,0,2.00202,-3.73774,0,-0.0721524,0.182706,0,
