#,R,Px,Py,Pz,Vx,Vy,Vz,Fx,Fy,Fz
0,10,0,0,0,0,0,0,0,0,0,
1,1,5.40727,-11.8123,0,1.94193,-3.59652,0,-0.0246627,0.0538762,0,
