#,R,Px,Py,Pz,Vx,Vy,Vz,Fx,Fy,Fz
0,10,0,0,0,0,0,0,0,0,0,
1,1,1.00205,0.528711,0,-2.84852,0.492948,0,-6.89009,-3.63541,0,
