#,R,Px,Py,Pz,Vx,Vy,Vz,Fx,Fy,Fz
0,10,0,0,0,0,0,0,0,0,0,
1,1,1.40243,-4.34755,0,2.06458,-3.91286,0,-0.147116,0.456062,0,
