#,R,Px,Py,Pz,Vx,Vy,Vz,Fx,Fy,Fz
0,10,0,0,0,0,0,0,0,0,0,
1,1,1.87215,-0.412473,0,0.821054,0.887396,0,-2.6573,0.585457,0,
