#,R,Px,Py,Pz,Vx,Vy,Vz,Fx,Fy,Fz
0,10,0,0,0,0,0,0,0,0,0,
1,1,0.0531636,-1.68985,0,2.20143,-4.73054,0,-0.110009,3.49672,0,
