#,R,Px,Py,Pz,Vx,Vy,Vz,Fx,Fy,Fz
0,10,0,0,0,0,0,0,0,0,0,
1,1,0.845432,-3.28257,0,2.11302,-4.08127,0,-0.217069,0.842818,0,
