#,R,Px,Py,Pz,Vx,Vy,Vz,Fx,Fy,Fz
0,10,0,0,0,0,0,0,0,0,0,
1,1,1.35375,0.611805,0,-2.00391,0.571744,0,-4.12907,-1.86607,0,
