#,R,Px,Py,Pz,Vx,Vy,Vz,Fx,Fy,Fz
0,10,0,0,0,0,0,0,0,0,0,
1,1,1.1688,0.65085,0,-2.37106,0.390823,0,-4.8817,-2.7184,0,
