#,R,Px,Py,Pz,Vx,Vy,Vz,Fx,Fy,Fz
0,10,0,0,0,0,0,0,0,0,0,
1,1,15.0488,-29.6279,0,1.89113,-3.49123,0,-0.00410092,0.00807388,0,
