#,R,Px,Py,Pz,Vx,Vy,Vz,Fx,Fy,Fz
0,10,0,0,0,0,0,0,0,0,0,
1,1,0.74698,0.497494,0,-3.55127,0.312273,0,-10.333,-6.88186,0,
