#,R,Px,Py,Pz,Vx,Vy,Vz,Fx,Fy,Fz
0,10,0,0,0,0,0,0,0,0,0,
1,1,0.910538,-0.951717,0,2.49263,-0.408859,0,-3.98481,4.16502,0,
