#,R,Px,Py,Pz,Vx,Vy,Vz,Fx,Fy,Fz
0,10,0,0,0,0,0,0,0,0,0,
1,1,7.75523,-16.1564,0,1.91967,-3.54902,0,-0.0134737,0.0280696,0,
