#,R,Px,Py,Pz,Vx,Vy,Vz,Fx,Fy,Fz
0,10,0,0,0,0,0,0,0,0,0,
1,1,1.84682,-5.18648,0,2.03661,-3.8301,0,-0.110672,0.310804,0,
