#,R,Px,Py,Pz,Vx,Vy,Vz,Fx,Fy,Fz
0,10,0,0,0,0,0,0,0,0,0,
1,1,1.1576,0.57415,0,-2.45389,0.510628,0,-5.36547,-2.66118,0,
