#,R,Px,Py,Pz,Vx,Vy,Vz,Fx,Fy,Fz
0,10,0,0,0,0,0,0,0,0,0,
1,1,1.26014,-0.878945,0,2.02397,0.175408,0,-3.47468,2.42359,0,
