#,R,Px,Py,Pz,Vx,Vy,Vz,Fx,Fy,Fz
0,10,0,0,0,0,0,0,0,0,0,
1,1,0.492184,-0.835841,0,3.19991,-1.37067,0,-5.39298,9.15852,0,
