#,R,Px,Py,Pz,Vx,Vy,Vz,Fx,Fy,Fz
0,10,0,0,0,0,0,0,0,0,0,
1,1,1.99792,0.0499769,0,-0.0833406,0.998958,0,-2.50287,-0.0626079,0,
