#,R,Px,Py,Pz,Vx,Vy,Vz,Fx,Fy,Fz
0,10,0,0,0,0,0,0,0,0,0,
1,1,4.10613,-9.40014,0,1.96246,-3.64244,0,-0.0380424,0.0870902,0,
