#,R,Px,Py,Pz,Vx,Vy,Vz,Fx,Fy,Fz
0,10,0,0,0,0,0,0,0,0,0,
1,1,0.608754,0.548514,0,-3.82758,-0.163425,0,-11.0642,-9.96938,0,
