#,R,Px,Py,Pz,Vx,Vy,Vz,Fx,Fy,Fz
0,10,0,0,0,0,0,0,0,0,0,
1,1,-0.105136,-0.399574,0,3.53566,-5.58557,0,14.9057,56.6498,0,
