#,R,Px,Py,Pz,Vx,Vy,Vz,Fx,Fy,Fz
0,10,0,0,0,0,0,0,0,0,0,
1,1,12.8393,-25.5487,0,1.89668,-3.50221,0,-0.00549218,0.0109288,0,
