#,R,Px,Py,Pz,Vx,Vy,Vz,Fx,Fy,Fz
0,10,0,0,0,0,0,0,0,0,0,
1,1,1.48026,0.283398,0,-1.76956,1.01233,0,-4.3239,-0.827819,0,
