#,R,Px,Py,Pz,Vx,Vy,Vz,Fx,Fy,Fz
0,10,0,0,0,0,0,0,0,0,0,
1,1,1.90456,0.278481,0,-0.680297,0.950641,0,-2.67073,-0.390509,0,
