#,R,Px,Py,Pz,Vx,Vy,Vz,Fx,Fy,Fz
0,10,0,0,0,0,0,0,0,0,0,
1,1,11.5735,-23.2112,0,1.90071,-3.51027,0,-0.00663327,0.0133033,0,
