#,R,Px,Py,Pz,Vx,Vy,Vz,Fx,Fy,Fz
0,10,0,0,0,0,0,0,0,0,0,
1,1,1.92947,-0.5121,0,0.149487,0.99688,0,-2.42538,0.64372,0,
