#,R,Px,Py,Pz,Vx,Vy,Vz,Fx,Fy,Fz
0,10,0,0,0,0,0,0,0,0,0,
1,1,0.505803,0.629433,0,-3.79662,-0.770498,0,-9.60698,-11.9552,0,
