#,R,Px,Py,Pz,Vx,Vy,Vz,Fx,Fy,Fz
0,10,0,0,0,0,0,0,0,0,0,
1,1,16.4346,-32.1862,0,1.88835,-3.48577,0,-0.00348194,0.00681918,0,
