#,R,Px,Py,Pz,Vx,Vy,Vz,Fx,Fy,Fz
0,10,0,0,0,0,0,0,0,0,0,
1,1,1.58617,-0.896354,0,1.32839,0.51022,0,-2.62279,1.48215,0,
