#,R,Px,Py,Pz,Vx,Vy,Vz,Fx,Fy,Fz
0,10,0,0,0,0,0,0,0,0,0,
1,1,15.9938,-31.3726,0,1.88919,-3.48741,0,-0.00366266,0.00718447,0,
