#,R,Px,Py,Pz,Vx,Vy,Vz,Fx,Fy,Fz
0,10,0,0,0,0,0,0,0,0,0,
1,1,1.71876,-0.736563,0,1.12599,0.681094,0,-2.62867,1.1265,0,
