#,R,Px,Py,Pz,Vx,Vy,Vz,Fx,Fy,Fz
0,10,0,0,0,0,0,0,0,0,0,
1,1,1.70168,0.245588,0,-1.25881,0.99364,0,-3.34824,-0.483223,0,
