#,R,Px,Py,Pz,Vx,Vy,Vz,Fx,Fy,Fz
0,10,0,0,0,0,0,0,0,0,0,
1,1,1.28347,0.62927,0,-2.14367,0.507258,0,-4.39433,-2.15448,0,
