#,R,Px,Py,Pz,Vx,Vy,Vz,Fx,Fy,Fz
0,10,0,0,0,0,0,0,0,0,0,
1,1,0.806168,0.492289,0,-3.39185,0.409622,0,-9.56514,-5.84099,0,
