#,R,Px,Py,Pz,Vx,Vy,Vz,Fx,Fy,Fz
0,10,0,0,0,0,0,0,0,0,0,
1,1,1.46802,-0.934455,0,1.55473,0.372727,0,-2.78571,1.77322,0,
