#,R,Px,Py,Pz,Vx,Vy,Vz,Fx,Fy,Fz
0,10,0,0,0,0,0,0,0,0,0,
1,1,11.1298,-22.3917,0,1.90232,-3.5135,0,-0.00711859,0.0143217,0,
