#,R,Px,Py,Pz,Vx,Vy,Vz,Fx,Fy,Fz
0,10,0,0,0,0,0,0,0,0,0,
1,1,1.56414,0.437483,0,-1.59324,0.833037,0,-3.65076,-1.0211,0,
