#,R,Px,Py,Pz,Vx,Vy,Vz,Fx,Fy,Fz
0,10,0,0,0,0,0,0,0,0,0,
1,1,1.99321,-0.0585818,0,-0.109037,1.00661,0,-2.51381,0.0738826,0,
