#,R,Px,Py,Pz,Vx,Vy,Vz,Fx,Fy,Fz
0,10,0,0,0,0,0,0,0,0,0,
1,1,1.79762,0.161691,0,-0.994946,1.02309,0,-3.0574,-0.275004,0,
