#,R,Px,Py,Pz,Vx,Vy,Vz,Fx,Fy,Fz
0,10,0,0,0,0,0,0,0,0,0,
1,1,5.43963,-11.8722,0,1.94152,-3.59562,0,-0.0244249,0.0533084,0,
