#,R,Px,Py,Pz,Vx,Vy,Vz,Fx,Fy,Fz
0,10,0,0,0,0,0,0,0,0,0,
1,1,11.3834,-22.8601,0,1.90139,-3.51162,0,-0.00683495,0.0137259,0,
