#,R,Px,Py,Pz,Vx,Vy,Vz,Fx,Fy,Fz
0,10,0,0,0,0,0,0,0,0,0,
1,1,1.89903,-0.28172,0,-0.397277,1.11211,0,-2.68384,0.398147,0,
