#,R,Px,Py,Pz,Vx,Vy,Vz,Fx,Fy,Fz
0,10,0,0,0,0,0,0,0,0,0,
1,1,1.26972,-0.966413,0,1.9009,0.128329,0,-3.12525,2.37871,0,
