#,R,Px,Py,Pz,Vx,Vy,Vz,Fx,Fy,Fz
0,10,0,0,0,0,0,0,0,0,0,
1,1,8.84109,-18.1635,0,1.91283,-3.53487,0,-0.0107249,0.0220337,0,
