#,R,Px,Py,Pz,Vx,Vy,Vz,Fx,Fy,Fz
0,10,0,0,0,0,0,0,0,0,0,
1,1,2,0.0166667,0,0,1,0,-2.49974,-0.0208312,0,
