#,R,Px,Py,Pz,Vx,Vy,Vz,Fx,Fy,Fz
0,10,0,0,0,0,0,0,0,0,0,
1,1,1.02569,0.594944,0,-2.73443,0.363822,0,-6.15231,-3.5686,0,
