#,R,Px,Py,Pz,Vx,Vy,Vz,Fx,Fy,Fz
0,10,0,0,0,0,0,0,0,0,0,
1,1,1.9793,-0.165989,0,-0.133608,1.02166,0,-2.52588,0.211827,0,
