#,R,Px,Py,Pz,Vx,Vy,Vz,Fx,Fy,Fz
0,10,0,0,0,0,0,0,0,0,0,
1,1,15.1748,-29.8607,0,1.89086,-3.49069,0,-0.00403805,0.00794599,0,
