#,R,Px,Py,Pz,Vx,Vy,Vz,Fx,Fy,Fz
0,10,0,0,0,0,0,0,0,0,0,
1,1,0.343805,-0.620123,0,4.17578,-1.71463,0,-9.64448,17.3958,0,
