#,R,Px,Py,Pz,Vx,Vy,Vz,Fx,Fy,Fz
0,10,0,0,0,0,0,0,0,0,0,
1,1,10.273,-20.8091,0,1.90577,-3.52046,0,-0.00821969,0.0166499,0,
