#,R,Px,Py,Pz,Vx,Vy,Vz,Fx,Fy,Fz
0,10,0,0,0,0,0,0,0,0,0,
1,1,6.40768,-13.6642,0,1.9308,-3.57249,0,-0.0186407,0.0397507,0,
