#,R,Px,Py,Pz,Vx,Vy,Vz,Fx,Fy,Fz
0,10,0,0,0,0,0,0,0,0,0,
1,1,1.56897,0.122466,0,-1.50893,1.15695,0,-4.02547,-0.314208,0,
