#,R,Px,Py,Pz,Vx,Vy,Vz,Fx,Fy,Fz
0,10,0,0,0,0,0,0,0,0,0,
1,1,2,0.0333333,0,-0.0416623,0.999653,0,-2.49896,-0.0416493,0,
