#,R,Px,Py,Pz,Vx,Vy,Vz,Fx,Fy,Fz
0,10,0,0,0,0,0,0,0,0,0,
1,1,5.11566,-11.2721,0,1.94582,-3.60505,0,-0.0269702,0.0594276,0,
