#,R,Px,Py,Pz,Vx,Vy,Vz,Fx,Fy,Fz
0,10,0,0,0,0,0,0,0,0,0,
1,1,1.9525,-0.253484,0,-0.200338,1.05034,0,-2.55817,0.332116,0,
