#,R,Px,Py,Pz,Vx,Vy,Vz,Fx,Fy,Fz
0,10,0,0,0,0,0,0,0,0,0,
1,1,0.56908,0.642275,0,-3.64652,-0.601093,0,-9.00596,-10.1643,0,
