#,R,Px,Py,Pz,Vx,Vy,Vz,Fx,Fy,Fz
0,10,0,0,0,0,0,0,0,0,0,
1,1,0.996608,0.668657,0,-2.71693,0.183931,0,-5.76543,-3.86821,0,
