#,R,Px,Py,Pz,Vx,Vy,Vz,Fx,Fy,Fz
0,10,0,0,0,0,0,0,0,0,0,
1,1,1.59069,0.423599,0,-1.53381,0.848864,0,-3.56612,-0.949653,0,
