#,R,Px,Py,Pz,Vx,Vy,Vz,Fx,Fy,Fz
0,10,0,0,0,0,0,0,0,0,0,
1,1,1.64825,-0.868426,0,1.19854,0.581927,0,-2.54895,1.34299,0,
