#,R,Px,Py,Pz,Vx,Vy,Vz,Fx,Fy,Fz
0,10,0,0,0,0,0,0,0,0,0,
1,1,16.3401,-32.0119,0,1.88853,-3.48612,0,-0.00351952,0.00689506,0,
