#,R,Px,Py,Pz,Vx,Vy,Vz,Fx,Fy,Fz
0,10,0,0,0,0,0,0,0,0,0,
1,1,14.9857,-29.5116,0,1.89127,-3.4915,0,-0.00413292,0.008139,0,
