#,R,Px,Py,Pz,Vx,Vy,Vz,Fx,Fy,Fz
0,10,0,0,0,0,0,0,0,0,0,
1,1,0.410722,-0.643868,0,4.01504,-1.4247,0,-9.22055,14.4546,0,
