#,R,Px,Py,Pz,Vx,Vy,Vz,Fx,Fy,Fz
0,10,0,0,0,0,0,0,0,0,0,
1,1,16.0568,-31.4889,0,1.88907,-3.48717,0,-0.00363599,0.00713051,0,
