#,R,Px,Py,Pz,Vx,Vy,Vz,Fx,Fy,Fz
0,10,0,0,0,0,0,0,0,0,0,
1,1,1.96203,-0.356942,0,0.0501653,1.01023,0,-2.47387,0.450059,0,
