#,R,Px,Py,Pz,Vx,Vy,Vz,Fx,Fy,Fz
0,10,0,0,0,0,0,0,0,0,0,
1,1,1.58484,-0.611675,0,1.55038,0.663583,0,-3.23275,1.24769,0,
