#,R,Px,Py,Pz,Vx,Vy,Vz,Fx,Fy,Fz
0,10,0,0,0,0,0,0,0,0,0,
1,1,1.7707,-0.700674,0,0.99569,0.735497,0,-2.56416,1.01465,0,
