#,R,Px,Py,Pz,Vx,Vy,Vz,Fx,Fy,Fz
0,10,0,0,0,0,0,0,0,0,0,
1,1,1.28273,-0.702993,0,2.16028,0.375246,0,-4.0986,2.24621,0,
