#,R,Px,Py,Pz,Vx,Vy,Vz,Fx,Fy,Fz
0,10,0,0,0,0,0,0,0,0,0,
1,1,1.14096,0.677789,0,-2.46443,0.333267,0,-4.88158,-2.8999,0,
