#,R,Px,Py,Pz,Vx,Vy,Vz,Fx,Fy,Fz
0,10,0,0,0,0,0,0,0,0,0,
1,1,4.75841,-10.61,0,1.95108,-3.61673,0,-0.0302638,0.0674805,0,
