#,R,Px,Py,Pz,Vx,Vy,Vz,Fx,Fy,Fz
0,10,0,0,0,0,0,0,0,0,0,
1,1,-0.184987,0.169426,0,-4.52607,-6.66621,0,117.193,-107.335,0,
