#,R,Px,Py,Pz,Vx,Vy,Vz,Fx,Fy,Fz
0,10,0,0,0,0,0,0,0,0,0,
1,1,0.238193,0.478525,0,-4.91595,-1.47951,0,-15.596,-31.332,0,
