#,R,Px,Py,Pz,Vx,Vy,Vz,Fx,Fy,Fz
0,10,0,0,0,0,0,0,0,0,0,
1,1,-0.0203299,0.457181,0,-4.83043,-3.51225,0,2.12122,-47.7021,0,
