#,R,Px,Py,Pz,Vx,Vy,Vz,Fx,Fy,Fz
0,10,0,0,0,0,0,0,0,0,0,
1,1,4.33487,-9.82459,0,1.95817,-3.63268,0,-0.035007,0.0793402,0,
