#,R,Px,Py,Pz,Vx,Vy,Vz,Fx,Fy,Fz
0,10,0,0,0,0,0,0,0,0,0,
1,1,2.25224,-5.94726,0,2.01673,-3.77582,0,-0.0875704,0.231239,0,
