#,R,Px,Py,Pz,Vx,Vy,Vz,Fx,Fy,Fz
0,10,0,0,0,0,0,0,0,0,0,
1,1,12.3333,-24.6143,0,1.8982,-3.50524,0,-0.00591013,0.0117952,0,
