#,R,Px,Py,Pz,Vx,Vy,Vz,Fx,Fy,Fz
0,10,0,0,0,0,0,0,0,0,0,
1,1,-0.21232,0.0902032,0,-4.25913,-7.61025,0,172.95,-73.4771,0,
