#,R,Px,Py,Pz,Vx,Vy,Vz,Fx,Fy,Fz
0,10,0,0,0,0,0,0,0,0,0,
1,1,1.61641,0.197196,0,-1.43969,1.06167,0,-3.74344,-0.456685,0,
