#,R,Px,Py,Pz,Vx,Vy,Vz,Fx,Fy,Fz
0,10,0,0,0,0,0,0,0,0,0,
1,1,3.25154,-7.81199,0,1.98216,-3.6887,0,-0.0536688,0.128942,0,
