#,R,Px,Py,Pz,Vx,Vy,Vz,Fx,Fy,Fz
0,10,0,0,0,0,0,0,0,0,0,
1,1,-0.12975,-1.2769,0,2.18168,-5.13541,0,0.613683,6.0394,0,
