#,R,Px,Py,Pz,Vx,Vy,Vz,Fx,Fy,Fz
0,10,0,0,0,0,0,0,0,0,0,
1,1,1.93588,-0.0281374,0,-0.477604,1.04006,0,-2.66751,0.0387715,0,
