#,R,Px,Py,Pz,Vx,Vy,Vz,Fx,Fy,Fz
0,10,0,0,0,0,0,0,0,0,0,
1,1,0.439857,0.613271,0,-3.95674,-0.969751,0,-10.2326,-14.2668,0,
