#,R,Px,Py,Pz,Vx,Vy,Vz,Fx,Fy,Fz
0,10,0,0,0,0,0,0,0,0,0,
1,1,1.41541,-0.946368,0,1.64961,0.310058,0,-2.86754,1.91729,0,
