#,R,Px,Py,Pz,Vx,Vy,Vz,Fx,Fy,Fz
0,10,0,0,0,0,0,0,0,0,0,
1,1,3.35061,-7.99632,0,1.97952,-3.68236,0,-0.0514134,0.1227,0,
