#,R,Px,Py,Pz,Vx,Vy,Vz,Fx,Fy,Fz
0,10,0,0,0,0,0,0,0,0,0,
1,1,1.92112,-0.355142,0,-0.222983,1.08228,0,-2.57633,0.476265,0,
