#,R,Px,Py,Pz,Vx,Vy,Vz,Fx,Fy,Fz
0,10,0,0,0,0,0,0,0,0,0,
1,1,4.88843,-10.851,0,1.9491,-3.61231,0,-0.028999,0.0643702,0,
