#,R,Px,Py,Pz,Vx,Vy,Vz,Fx,Fy,Fz
0,10,0,0,0,0,0,0,0,0,0,
1,1,16.3716,-32.07,0,1.88847,-3.486,0,-0.00350692,0.00686963,0,
