#,R,Px,Py,Pz,Vx,Vy,Vz,Fx,Fy,Fz
0,10,0,0,0,0,0,0,0,0,0,
1,1,1.93015,-0.408838,0,-0.0963217,1.05659,0,-2.51321,0.532341,0,
