#,R,Px,Py,Pz,Vx,Vy,Vz,Fx,Fy,Fz
0,10,0,0,0,0,0,0,0,0,0,
1,1,6.66498,-14.1402,0,1.92839,-3.56735,0,-0.0174476,0.0370162,0,
