#,R,Px,Py,Pz,Vx,Vy,Vz,Fx,Fy,Fz
0,10,0,0,0,0,0,0,0,0,0,
1,1,14.1973,-28.056,0,1.89308,-3.49507,0,-0.00456675,0.00902458,0,
