#,R,Px,Py,Pz,Vx,Vy,Vz,Fx,Fy,Fz
0,10,0,0,0,0,0,0,0,0,0,
1,1,9.5418,-19.4582,0,1.90914,-3.52732,0,-0.00937438,0.0191168,0,
