#,R,Px,Py,Pz,Vx,Vy,Vz,Fx,Fy,Fz
0,10,0,0,0,0,0,0,0,0,0,
1,1,1.44752,0.489958,0,-1.84615,0.756787,0,-4.05594,-1.37286,0,
