#,R,Px,Py,Pz,Vx,Vy,Vz,Fx,Fy,Fz
0,10,0,0,0,0,0,0,0,0,0,
1,1,1.90715,-0.549139,0,0.538413,0.893655,0,-2.43973,0.702489,0,
