#,R,Px,Py,Pz,Vx,Vy,Vz,Fx,Fy,Fz
0,10,0,0,0,0,0,0,0,0,0,
1,1,1.74563,0.0896444,0,-1.09457,1.08951,0,-3.26873,-0.167861,0,
