#,R,Px,Py,Pz,Vx,Vy,Vz,Fx,Fy,Fz
0,10,0,0,0,0,0,0,0,0,0,
1,1,1.65703,-0.576486,0,1.3916,0.722835,0,-3.06837,1.06749,0,
