#,R,Px,Py,Pz,Vx,Vy,Vz,Fx,Fy,Fz
0,10,0,0,0,0,0,0,0,0,0,
1,1,1.01362,0.691967,0,-2.71799,0.175369,0,-5.48316,-3.74318,0,
