#,R,Px,Py,Pz,Vx,Vy,Vz,Fx,Fy,Fz
0,10,0,0,0,0,0,0,0,0,0,
1,1,9.50998,-19.3994,0,1.9093,-3.52764,0,-0.00943005,0.0192364,0,
