#,R,Px,Py,Pz,Vx,Vy,Vz,Fx,Fy,Fz
0,10,0,0,0,0,0,0,0,0,0,
1,1,3.053,-7.44234,0,1.98782,-3.70239,0,-0.0586513,0.142975,0,
