#,R,Px,Py,Pz,Vx,Vy,Vz,Fx,Fy,Fz
0,10,0,0,0,0,0,0,0,0,0,
1,1,1.50456,-0.643737,0,1.71854,0.594003,0,-3.43299,1.46883,0,
