#,R,Px,Py,Pz,Vx,Vy,Vz,Fx,Fy,Fz
0,10,0,0,0,0,0,0,0,0,0,
1,1,0.810153,-3.2143,0,2.11673,-4.09597,0,-0.222426,0.882478,0,
