#,R,Px,Py,Pz,Vx,Vy,Vz,Fx,Fy,Fz
0,10,0,0,0,0,0,0,0,0,0,
1,1,1.90752,0.0239039,0,-0.612253,1.04081,0,-2.74762,-0.0344315,0,
