#,R,Px,Py,Pz,Vx,Vy,Vz,Fx,Fy,Fz
0,10,0,0,0,0,0,0,0,0,0,
1,1,1.85455,-0.187502,0,-0.626545,1.14177,0,-2.86349,0.289509,0,
