#,R,Px,Py,Pz,Vx,Vy,Vz,Fx,Fy,Fz
0,10,0,0,0,0,0,0,0,0,0,
1,1,13.0606,-25.9572,0,1.89605,-3.50095,0,-0.00532322,0.0105796,0,
