#,R,Px,Py,Pz,Vx,Vy,Vz,Fx,Fy,Fz
0,10,0,0,0,0,0,0,0,0,0,
1,1,13.187,-26.1906,0,1.89569,-3.50025,0,-0.00523018,0.0103876,0,
