#,R,Px,Py,Pz,Vx,Vy,Vz,Fx,Fy,Fz
0,10,0,0,0,0,0,0,0,0,0,
1,1,1.92381,-0.545145,0,0.229847,0.974471,0,-2.40635,0.68188,0,
