#,R,Px,Py,Pz,Vx,Vy,Vz,Fx,Fy,Fz
0,10,0,0,0,0,0,0,0,0,0,
1,1,6.72925,-14.2591,0,1.92781,-3.56613,0,-0.0171674,0.0363771,0,
