#,R,Px,Py,Pz,Vx,Vy,Vz,Fx,Fy,Fz
0,10,0,0,0,0,0,0,0,0,0,
1,1,-0.0312946,0.337909,0,-5.57418,-3.72068,0,8.00771,-86.4645,0,
