#,R,Px,Py,Pz,Vx,Vy,Vz,Fx,Fy,Fz
0,10,0,0,0,0,0,0,0,0,0,
1,1,5.98885,-12.8891,0,1.93509,-3.58169,0,-0.020861,0.0448965,0,
