#,R,Px,Py,Pz,Vx,Vy,Vz,Fx,Fy,Fz
0,10,0,0,0,0,0,0,0,0,0,
1,1,14.5128,-28.6384,0,1.89233,-3.4936,0,-0.00438533,0.00865368,0,
