#,R,Px,Py,Pz,Vx,Vy,Vz,Fx,Fy,Fz
0,10,0,0,0,0,0,0,0,0,0,
1,1,0.632779,-2.86884,0,2.13663,-4.18133,0,-0.249566,1.13146,0,
