#,R,Px,Py,Pz,Vx,Vy,Vz,Fx,Fy,Fz
0,10,0,0,0,0,0,0,0,0,0,
1,1,9.76448,-19.8696,0,1.90807,-3.52513,0,-0.00899826,0.0183105,0,
