#,R,Px,Py,Pz,Vx,Vy,Vz,Fx,Fy,Fz
0,10,0,0,0,0,0,0,0,0,0,
1,1,1.51753,-0.920572,0,1.46249,0.430745,0,-2.71392,1.64633,0,
