#,R,Px,Py,Pz,Vx,Vy,Vz,Fx,Fy,Fz
0,10,0,0,0,0,0,0,0,0,0,
1,1,0.829928,-0.863624,0,2.78001,-0.483031,0,-4.82983,5.02593,0,
