#,R,Px,Py,Pz,Vx,Vy,Vz,Fx,Fy,Fz
0,10,0,0,0,0,0,0,0,0,0,
1,1,12.27,-24.4975,0,1.8984,-3.50564,0,-0.00596573,0.0119107,0,
