#,R,Px,Py,Pz,Vx,Vy,Vz,Fx,Fy,Fz
0,10,0,0,0,0,0,0,0,0,0,
1,1,8.29864,-17.1609,0,1.91605,-3.54152,0,-0.011981,0.0247757,0,
