#,R,Px,Py,Pz,Vx,Vy,Vz,Fx,Fy,Fz
0,10,0,0,0,0,0,0,0,0,0,
1,1,1.84193,-0.545051,0,0.867889,0.828999,0,-2.5988,0.769018,0,
