#,R,Px,Py,Pz,Vx,Vy,Vz,Fx,Fy,Fz
0,10,0,0,0,0,0,0,0,0,0,
1,1,0.402545,0.485654,0,-4.58126,-0.558713,0,-16.038,-19.3492,0,
