#,R,Px,Py,Pz,Vx,Vy,Vz,Fx,Fy,Fz
0,10,0,0,0,0,0,0,0,0,0,
1,1,1.54228,0.565585,0,-1.6599,0.70775,0,-3.47916,-1.27588,0,
