#,R,Px,Py,Pz,Vx,Vy,Vz,Fx,Fy,Fz
0,10,0,0,0,0,0,0,0,0,0,
1,1,1.18142,0.490818,0,-2.44384,0.677587,0,-5.64242,-2.34412,0,
