#,R,Px,Py,Pz,Vx,Vy,Vz,Fx,Fy,Fz
0,10,0,0,0,0,0,0,0,0,0,
1,1,2.92031,-7.1951,0,1.99188,-3.71236,0,-0.0623704,0.153669,0,
