#,R,Px,Py,Pz,Vx,Vy,Vz,Fx,Fy,Fz
0,10,0,0,0,0,0,0,0,0,0,
1,1,16.2142,-31.7794,0,1.88877,-3.48658,0,-0.00357058,0.00699824,0,
