#,R,Px,Py,Pz,Vx,Vy,Vz,Fx,Fy,Fz
0,10,0,0,0,0,0,0,0,0,0,
1,1,-0.0997235,0.309063,0,-4.92452,-4.79338,0,29.1163,-90.2372,0,
