#,R,Px,Py,Pz,Vx,Vy,Vz,Fx,Fy,Fz
0,10,0,0,0,0,0,0,0,0,0,
1,1,3.84407,-8.91356,0,1.96782,-3.65481,0,-0.042026,0.0974491,0,
