#,R,Px,Py,Pz,Vx,Vy,Vz,Fx,Fy,Fz
0,10,0,0,0,0,0,0,0,0,0,
1,1,10.1777,-20.633,0,1.90618,-3.52131,0,-0.00835771,0.0169434,0,
