#,R,Px,Py,Pz,Vx,Vy,Vz,Fx,Fy,Fz
0,10,0,0,0,0,0,0,0,0,0,
1,1,1.74914,0.429547,0,-1.14666,0.86183,0,-2.99367,-0.735175,0,
