#,R,Px,Py,Pz,Vx,Vy,Vz,Fx,Fy,Fz
0,10,0,0,0,0,0,0,0,0,0,
1,1,2.2186,-5.88426,0,2.01821,-3.77977,0,-0.0892099,0.236606,0,
