#,R,Px,Py,Pz,Vx,Vy,Vz,Fx,Fy,Fz
0,10,0,0,0,0,0,0,0,0,0,
1,1,1.59138,0.214764,0,-1.50208,1.05406,0,-3.84322,-0.518659,0,
