#,R,Px,Py,Pz,Vx,Vy,Vz,Fx,Fy,Fz
0,10,0,0,0,0,0,0,0,0,0,
1,1,1.66752,-0.858354,0,1.15605,0.60431,0,-2.52779,1.30118,0,
