#,R,Px,Py,Pz,Vx,Vy,Vz,Fx,Fy,Fz
0,10,0,0,0,0,0,0,0,0,0,
1,1,1.569,0.553455,0,-1.60312,0.727779,0,-3.40687,-1.20175,0,
