#,R,Px,Py,Pz,Vx,Vy,Vz,Fx,Fy,Fz
0,10,0,0,0,0,0,0,0,0,0,
1,1,0.9215,0.696773,0,-2.90469,0.0445772,0,-5.97643,-4.51896,0,
