#,R,Px,Py,Pz,Vx,Vy,Vz,Fx,Fy,Fz
0,10,0,0,0,0,0,0,0,0,0,
1,1,0.688284,0.659881,0,-3.37339,-0.328406,0,-7.93953,-7.6119,0,
