#,R,Px,Py,Pz,Vx,Vy,Vz,Fx,Fy,Fz
0,10,0,0,0,0,0,0,0,0,0,
1,1,1.5427,0.141661,0,-1.57602,1.15171,0,-4.14923,-0.38101,0,
