#,R,Px,Py,Pz,Vx,Vy,Vz,Fx,Fy,Fz
0,10,0,0,0,0,0,0,0,0,0,
1,1,15.0172,-29.5698,0,1.8912,-3.49136,0,-0.00411687,0.00810635,0,
