#,R,Px,Py,Pz,Vx,Vy,Vz,Fx,Fy,Fz
0,10,0,0,0,0,0,0,0,0,0,
1,1,5.92433,-12.7696,0,1.9358,-3.58321,0,-0.0212379,0.0457773,0,
