#,R,Px,Py,Pz,Vx,Vy,Vz,Fx,Fy,Fz
0,10,0,0,0,0,0,0,0,0,0,
1,1,1.76388,0.0714859,0,-1.04113,1.09167,0,-3.20623,-0.129942,0,
