#,R,Px,Py,Pz,Vx,Vy,Vz,Fx,Fy,Fz
0,10,0,0,0,0,0,0,0,0,0,
1,1,-0.109553,0.280529,0,-5.19453,-4.95452,0,40.1072,-102.702,0,
