#,R,Px,Py,Pz,Vx,Vy,Vz,Fx,Fy,Fz
0,10,0,0,0,0,0,0,0,0,0,
1,1,1.3176,-0.696115,0,2.09197,0.412682,0,-3.98166,2.10359,0,
