#,R,Px,Py,Pz,Vx,Vy,Vz,Fx,Fy,Fz
0,10,0,0,0,0,0,0,0,0,0,
1,1,9.63725,-19.6346,0,1.90868,-3.52637,0,-0.00921033,0.0187648,0,
