#,R,Px,Py,Pz,Vx,Vy,Vz,Fx,Fy,Fz
0,10,0,0,0,0,0,0,0,0,0,
1,1,1.53657,0.451083,0,-1.65409,0.816019,0,-3.74148,-1.09837,0,
