#,R,Px,Py,Pz,Vx,Vy,Vz,Fx,Fy,Fz
0,10,0,0,0,0,0,0,0,0,0,
1,1,1.78019,0.178666,0,-1.0459,1.0185,0,-3.1084,-0.311969,0,
