#,R,Px,Py,Pz,Vx,Vy,Vz,Fx,Fy,Fz
0,10,0,0,0,0,0,0,0,0,0,
1,1,1.0483,-0.729451,0,2.62093,0.0840961,0,-5.03262,3.50191,0,
