#,R,Px,Py,Pz,Vx,Vy,Vz,Fx,Fy,Fz
0,10,0,0,0,0,0,0,0,0,0,
1,1,10.7809,-21.7473,0,1.90366,-3.51621,0,-0.00753859,0.0152068,0,
