#,R,Px,Py,Pz,Vx,Vy,Vz,Fx,Fy,Fz
0,10,0,0,0,0,0,0,0,0,0,
1,1,1.76825,0.415183,0,-1.09747,0.873377,0,-2.9509,-0.692868,0,
