#,R,Px,Py,Pz,Vx,Vy,Vz,Fx,Fy,Fz
0,10,0,0,0,0,0,0,0,0,0,
1,1,0.0858144,-0.598077,0,3.82496,-3.35166,0,-3.89057,27.115,0,
