#,R,Px,Py,Pz,Vx,Vy,Vz,Fx,Fy,Fz
0,10,0,0,0,0,0,0,0,0,0,
1,1,12.0169,-24.0299,0,1.89921,-3.50726,0,-0.00619623,0.0123905,0,
