#,R,Px,Py,Pz,Vx,Vy,Vz,Fx,Fy,Fz
0,10,0,0,0,0,0,0,0,0,0,
1,1,1.7619,0.195554,0,-1.09771,1.0133,0,-3.16273,-0.351034,0,
