#,R,Px,Py,Pz,Vx,Vy,Vz,Fx,Fy,Fz
0,10,0,0,0,0,0,0,0,0,0,
1,1,4.59569,-10.3083,0,1.95369,-3.62256,0,-0.0319659,0.071701,0,
