#,R,Px,Py,Pz,Vx,Vy,Vz,Fx,Fy,Fz
0,10,0,0,0,0,0,0,0,0,0,
1,1,0.529834,-0.789196,0,3.33714,-1.19595,0,-6.16891,9.18869,0,
