#,R,Px,Py,Pz,Vx,Vy,Vz,Fx,Fy,Fz
0,10,0,0,0,0,0,0,0,0,0,
1,1,1.92718,-0.0107923,0,-0.522063,1.04071,0,-2.69238,0.0150774,0,
