#,R,Px,Py,Pz,Vx,Vy,Vz,Fx,Fy,Fz
0,10,0,0,0,0,0,0,0,0,0,
1,1,2.78734,-6.94717,0,1.99621,-3.7231,0,-0.0664556,0.165634,0,
