#,R,Px,Py,Pz,Vx,Vy,Vz,Fx,Fy,Fz
0,10,0,0,0,0,0,0,0,0,0,
1,1,9.12791,-18.6935,0,1.91126,-3.53165,0,-0.010139,0.0207641,0,
