#,R,Px,Py,Pz,Vx,Vy,Vz,Fx,Fy,Fz
0,10,0,0,0,0,0,0,0,0,0,
1,1,8.07501,-16.7476,0,1.91749,-3.54449,0,-0.0125637,0.0260572,0,
