#,R,Px,Py,Pz,Vx,Vy,Vz,Fx,Fy,Fz
0,10,0,0,0,0,0,0,0,0,0,
1,1,6.95407,-14.6749,0,1.92585,-3.56199,0,-0.0162384,0.0342673,0,
