#,R,Px,Py,Pz,Vx,Vy,Vz,Fx,Fy,Fz
0,10,0,0,0,0,0,0,0,0,0,
1,1,0.322332,-0.655635,0,3.98274,-1.89625,0,-8.2659,16.8131,0,
