#,R,Px,Py,Pz,Vx,Vy,Vz,Fx,Fy,Fz
0,10,0,0,0,0,0,0,0,0,0,
1,1,15.9624,-31.3145,0,1.88925,-3.48753,0,-0.00367611,0.00721169,0,
