#,R,Px,Py,Pz,Vx,Vy,Vz,Fx,Fy,Fz
0,10,0,0,0,0,0,0,0,0,0,
1,1,4.13884,-9.46084,0,1.96182,-3.64099,0,-0.0375849,0.0859142,0,
