#,R,Px,Py,Pz,Vx,Vy,Vz,Fx,Fy,Fz
0,10,0,0,0,0,0,0,0,0,0,
1,1,1.72113,-0.826014,0,1.03062,0.667409,0,-2.47367,1.18718,0,
