#,R,Px,Py,Pz,Vx,Vy,Vz,Fx,Fy,Fz
0,10,0,0,0,0,0,0,0,0,0,
1,1,1.9159,0.262637,0,-0.636142,0.956694,0,-2.64928,-0.363171,0,
