#,R,Px,Py,Pz,Vx,Vy,Vz,Fx,Fy,Fz
0,10,0,0,0,0,0,0,0,0,0,
1,1,12.5864,-25.0816,0,1.89742,-3.5037,0,-0.00569537,0.0113495,0,
