#,R,Px,Py,Pz,Vx,Vy,Vz,Fx,Fy,Fz
0,10,0,0,0,0,0,0,0,0,0,
1,1,1.91153,-0.318674,0,-0.309264,1.09784,0,-2.62651,0.437868,0,
