#,R,Px,Py,Pz,Vx,Vy,Vz,Fx,Fy,Fz
0,10,0,0,0,0,0,0,0,0,0,
1,1,1.3192,0.620816,0,-2.07273,0.540643,0,-4.25653,-2.00312,0,
