#,R,Px,Py,Pz,Vx,Vy,Vz,Fx,Fy,Fz
0,10,0,0,0,0,0,0,0,0,0,
1,1,4.79093,-10.6703,0,1.95058,-3.6156,0,-0.0299399,0.0666818,0,
