#,R,Px,Py,Pz,Vx,Vy,Vz,Fx,Fy,Fz
0,10,0,0,0,0,0,0,0,0,0,
1,1,2.18494,-5.8212,0,2.01973,-3.7838,0,-0.0908951,0.242166,0,
