#,R,Px,Py,Pz,Vx,Vy,Vz,Fx,Fy,Fz
0,10,0,0,0,0,0,0,0,0,0,
1,1,0.255953,-0.624031,0,4.12176,-2.23521,0,-8.34158,20.3373,0,
