#,R,Px,Py,Pz,Vx,Vy,Vz,Fx,Fy,Fz
0,10,0,0,0,0,0,0,0,0,0,
1,1,1.5189,-0.733356,0,1.62782,0.530796,0,-3.16544,1.52834,0,
