#,R,Px,Py,Pz,Vx,Vy,Vz,Fx,Fy,Fz
0,10,0,0,0,0,0,0,0,0,0,
1,1,8.4902,-17.515,0,1.91487,-3.53908,0,-0.0115134,0.0237517,0,
