#,R,Px,Py,Pz,Vx,Vy,Vz,Fx,Fy,Fz
0,10,0,0,0,0,0,0,0,0,0,
1,1,1.8723,0.0758577,0,-0.751197,1.03777,0,-2.84565,-0.115294,0,
