#,R,Px,Py,Pz,Vx,Vy,Vz,Fx,Fy,Fz
0,10,0,0,0,0,0,0,0,0,0,
1,1,5.60136,-12.1717,0,1.93952,-3.59127,0,-0.0232864,0.0506013,0,
