#,R,Px,Py,Pz,Vx,Vy,Vz,Fx,Fy,Fz
0,10,0,0,0,0,0,0,0,0,0,
1,1,1.93198,-0.182595,0,-0.372886,1.07045,0,-2.64363,0.249855,0,
