#,R,Px,Py,Pz,Vx,Vy,Vz,Fx,Fy,Fz
0,10,0,0,0,0,0,0,0,0,0,
1,1,1.00231,-0.882898,0,2.47461,-0.184397,0,-4.20591,3.70483,0,
