#,R,Px,Py,Pz,Vx,Vy,Vz,Fx,Fy,Fz
0,10,0,0,0,0,0,0,0,0,0,
1,1,1.89656,0.0412411,0,-0.658047,1.04023,0,-2.77818,-0.0604122,0,
