#,R,Px,Py,Pz,Vx,Vy,Vz,Fx,Fy,Fz
0,10,0,0,0,0,0,0,0,0,0,
1,1,1.13913,0.50146,0,-2.53788,0.638518,0,-5.90833,-2.60093,0,
