#,R,Px,Py,Pz,Vx,Vy,Vz,Fx,Fy,Fz
0,10,0,0,0,0,0,0,0,0,0,
1,1,1.79621,-0.48462,0,1.04879,0.83049,0,-2.7894,0.752582,0,
