#,R,Px,Py,Pz,Vx,Vy,Vz,Fx,Fy,Fz
0,10,0,0,0,0,0,0,0,0,0,
1,1,-0.215325,-0.154356,0,0.998981,-8.57216,0,115.791,83.005,0,
