#,R,Px,Py,Pz,Vx,Vy,Vz,Fx,Fy,Fz
0,10,0,0,0,0,0,0,0,0,0,
1,1,10.1142,-20.5156,0,1.90647,-3.52188,0,-0.00845169,0.0171435,0,
