#,R,Px,Py,Pz,Vx,Vy,Vz,Fx,Fy,Fz
0,10,0,0,0,0,0,0,0,0,0,
1,1,2.55391,-6.51144,0,2.00449,-3.74402,0,-0.0746378,0.190296,0,
