#,R,Px,Py,Pz,Vx,Vy,Vz,Fx,Fy,Fz
0,10,0,0,0,0,0,0,0,0,0,
1,1,1.9049,0.29518,0,-0.720587,0.944678,0,-2.65949,-0.41211,0,
