#,R,Px,Py,Pz,Vx,Vy,Vz,Fx,Fy,Fz
0,10,0,0,0,0,0,0,0,0,0,
1,1,1.63308,0.294408,0,-1.42981,0.966919,0,-3.57398,-0.644311,0,
