#,R,Px,Py,Pz,Vx,Vy,Vz,Fx,Fy,Fz
0,10,0,0,0,0,0,0,0,0,0,
1,1,11.4151,-22.9186,0,1.90127,-3.51139,0,-0.0068007,0.0136541,0,
