#,R,Px,Py,Pz,Vx,Vy,Vz,Fx,Fy,Fz
0,10,0,0,0,0,0,0,0,0,0,
1,1,5.89206,-12.7099,0,1.93615,-3.58398,0,-0.0214302,0.0462276,0,
