#,R,Px,Py,Pz,Vx,Vy,Vz,Fx,Fy,Fz
0,10,0,0,0,0,0,0,0,0,0,
1,1,1.72155,-0.538623,0,1.24053,0.773616,0,-2.93307,0.917671,0,
