#,R,Px,Py,Pz,Vx,Vy,Vz,Fx,Fy,Fz
0,10,0,0,0,0,0,0,0,0,0,
1,1,-0.386712,-0.490584,0,1.42402,-6.78323,0,15.8645,20.1257,0,
