#,R,Px,Py,Pz,Vx,Vy,Vz,Fx,Fy,Fz
0,10,0,0,0,0,0,0,0,0,0,
1,1,0.0652577,0.450538,0,-4.85907,-2.89919,0,-6.91692,-47.7542,0,
