#,R,Px,Py,Pz,Vx,Vy,Vz,Fx,Fy,Fz
0,10,0,0,0,0,0,0,0,0,0,
1,1,1.27606,0.54665,0,-2.20605,0.622277,0,-4.76977,-2.04332,0,
