#,R,Px,Py,Pz,Vx,Vy,Vz,Fx,Fy,Fz
0,10,0,0,0,0,0,0,0,0,0,
1,1,0.712885,0.605859,0,-3.44247,-0.12015,0,-8.70575,-7.39875,0,
