#,R,Px,Py,Pz,Vx,Vy,Vz,Fx,Fy,Fz
0,10,0,0,0,0,0,0,0,0,0,
1,1,0.418615,0.643546,0,-4.00364,-1.08411,0,-9.25148,-14.2225,0,
