#,R,Px,Py,Pz,Vx,Vy,Vz,Fx,Fy,Fz
0,10,0,0,0,0,0,0,0,0,0,
1,1,15.3324,-30.1516,0,1.89052,-3.49003,0,-0.00396148,0.00779037,0,
