#,R,Px,Py,Pz,Vx,Vy,Vz,Fx,Fy,Fz
0,10,0,0,0,0,0,0,0,0,0,
1,1,11.9536,-23.913,0,1.89942,-3.50768,0,-0.00625595,0.012515,0,
