#,R,Px,Py,Pz,Vx,Vy,Vz,Fx,Fy,Fz
0,10,0,0,0,0,0,0,0,0,0,
1,1,-0.103055,-0.345221,0,3.99733,-6.01659,0,22.0377,73.8237,0,
