#,R,Px,Py,Pz,Vx,Vy,Vz,Fx,Fy,Fz
0,10,0,0,0,0,0,0,0,0,0,
1,1,0.381457,-2.37054,0,2.16777,-4.34858,0,-0.275581,1.71258,0,
