#,R,Px,Py,Pz,Vx,Vy,Vz,Fx,Fy,Fz
0,10,0,0,0,0,0,0,0,0,0,
1,1,1.81284,-5.12256,0,2.03849,-3.83542,0,-0.112987,0.31927,0,
