#,R,Px,Py,Pz,Vx,Vy,Vz,Fx,Fy,Fz
0,10,0,0,0,0,0,0,0,0,0,
1,1,1.53808,0.249448,0,-1.63197,1.03565,0,-4.06565,-0.659374,0,
