#,R,Px,Py,Pz,Vx,Vy,Vz,Fx,Fy,Fz
0,10,0,0,0,0,0,0,0,0,0,
1,1,1.9265,0.246692,0,-0.592318,0.962305,0,-2.62946,-0.336708,0,
