#,R,Px,Py,Pz,Vx,Vy,Vz,Fx,Fy,Fz
0,10,0,0,0,0,0,0,0,0,0,
1,1,1.865,-0.206531,0,-0.579496,1.13656,0,-2.82295,0.312616,0,
