#,R,Px,Py,Pz,Vx,Vy,Vz,Fx,Fy,Fz
0,10,0,0,0,0,0,0,0,0,0,
1,1,1.99615,-0.0921092,0,-0.0255574,1.00311,0,-2.50167,0.115436,0,
