#,R,Px,Py,Pz,Vx,Vy,Vz,Fx,Fy,Fz
0,10,0,0,0,0,0,0,0,0,0,
1,1,11.7319,-23.5037,0,1.90016,-3.50917,0,-0.00647198,0.012966,0,
