#,R,Px,Py,Pz,Vx,Vy,Vz,Fx,Fy,Fz
0,10,0,0,0,0,0,0,0,0,0,
1,1,1.38404,-0.680642,0,1.96105,0.480638,0,-3.77223,1.8551,0,
