#,R,Px,Py,Pz,Vx,Vy,Vz,Fx,Fy,Fz
0,10,0,0,0,0,0,0,0,0,0,
1,1,1.93129,-0.495306,0,0.109063,1.00761,0,-2.43674,0.624938,0,
