#,R,Px,Py,Pz,Vx,Vy,Vz,Fx,Fy,Fz
0,10,0,0,0,0,0,0,0,0,0,
1,1,0.0164622,-1.60993,0,2.20209,-4.79483,0,-0.0394454,3.85759,0,
