#,R,Px,Py,Pz,Vx,Vy,Vz,Fx,Fy,Fz
0,10,0,0,0,0,0,0,0,0,0,
1,1,3.87687,-8.97448,0,1.96712,-3.65319,0,-0.0414944,0.0960545,0,
