#,R,Px,Py,Pz,Vx,Vy,Vz,Fx,Fy,Fz
0,10,0,0,0,0,0,0,0,0,0,
1,1,7.97911,-16.5703,0,1.91813,-3.54581,0,-0.0128267,0.0266373,0,
