#,R,Px,Py,Pz,Vx,Vy,Vz,Fx,Fy,Fz
0,10,0,0,0,0,0,0,0,0,0,
1,1,1.57163,-0.808772,0,1.44618,0.52835,0,-2.84614,1.46464,0,
