#,R,Px,Py,Pz,Vx,Vy,Vz,Fx,Fy,Fz
0,10,0,0,0,0,0,0,0,0,0,
1,1,1.86607,0.32533,0,-0.815021,0.929683,0,-2.74562,-0.478672,0,
