#,R,Px,Py,Pz,Vx,Vy,Vz,Fx,Fy,Fz
0,10,0,0,0,0,0,0,0,0,0,
1,1,1.20489,-0.798615,0,2.22309,0.18641,0,-3.98905,2.64399,0,
