#,R,Px,Py,Pz,Vx,Vy,Vz,Fx,Fy,Fz
0,10,0,0,0,0,0,0,0,0,0,
1,1,14.008,-27.7064,0,1.89354,-3.49599,0,-0.00468109,0.00925876,0,
