#,R,Px,Py,Pz,Vx,Vy,Vz,Fx,Fy,Fz
0,10,0,0,0,0,0,0,0,0,0,
1,1,6.82563,-14.4374,0,1.92696,-3.56432,0,-0.0167596,0.0354494,0,
