#,R,Px,Py,Pz,Vx,Vy,Vz,Fx,Fy,Fz
0,10,0,0,0,0,0,0,0,0,0,
1,1,1.84404,-0.441881,0,0.910796,0.866325,0,-2.70451,0.648074,0,
