#,R,Px,Py,Pz,Vx,Vy,Vz,Fx,Fy,Fz
0,10,0,0,0,0,0,0,0,0,0,
1,1,1.96165,0.182047,0,-0.419809,0.980589,0,-2.56548,-0.238084,0,
