#,R,Px,Py,Pz,Vx,Vy,Vz,Fx,Fy,Fz
0,10,0,0,0,0,0,0,0,0,0,
1,1,1.74127,-0.0329687,0,-1.03124,1.16811,0,-3.29635,0.0624123,0,
