#,R,Px,Py,Pz,Vx,Vy,Vz,Fx,Fy,Fz
0,10,0,0,0,0,0,0,0,0,0,
1,1,1.76855,-0.790703,0,0.907665,0.725061,0,-2.4325,1.08755,0,
