#,R,Px,Py,Pz,Vx,Vy,Vz,Fx,Fy,Fz
0,10,0,0,0,0,0,0,0,0,0,
1,1,1.84204,-0.0196567,0,-0.78747,1.09415,0,-2.94664,0.031444,0,
