#,R,Px,Py,Pz,Vx,Vy,Vz,Fx,Fy,Fz
0,10,0,0,0,0,0,0,0,0,0,
1,1,5.01832,-11.0917,0,1.94719,-3.60809,0,-0.0278125,0.0614726,0,
