#,R,Px,Py,Pz,Vx,Vy,Vz,Fx,Fy,Fz
0,10,0,0,0,0,0,0,0,0,0,
1,1,9.92346,-20.1634,0,1.90733,-3.52363,0,-0.00874339,0.0177656,0,
