#,R,Px,Py,Pz,Vx,Vy,Vz,Fx,Fy,Fz
0,10,0,0,0,0,0,0,0,0,0,
1,1,1.30053,-0.963614,0,1.84882,0.167974,0,-3.06681,2.27232,0,
