#,R,Px,Py,Pz,Vx,Vy,Vz,Fx,Fy,Fz
0,10,0,0,0,0,0,0,0,0,0,
1,1,5.76292,-12.4708,0,1.93762,-3.58714,0,-0.0222265,0.0480976,0,
