#,R,Px,Py,Pz,Vx,Vy,Vz,Fx,Fy,Fz
0,10,0,0,0,0,0,0,0,0,0,
1,1,10.7492,-21.6887,0,1.90379,-3.51646,0,-0.00757861,0.0152914,0,
