#,R,Px,Py,Pz,Vx,Vy,Vz,Fx,Fy,Fz
0,10,0,0,0,0,0,0,0,0,0,
1,1,1.96871,0.182374,0,-0.41848,0.980691,0,-2.54725,-0.235968,0,
