#,R,Px,Py,Pz,Vx,Vy,Vz,Fx,Fy,Fz
0,10,0,0,0,0,0,0,0,0,0,
1,1,8.13892,-16.8657,0,1.91707,-3.54363,0,-0.0123929,0.025681,0,
