#,R,Px,Py,Pz,Vx,Vy,Vz,Fx,Fy,Fz
0,10,0,0,0,0,0,0,0,0,0,
1,1,1.86665,0.342063,0,-0.8547,0.922636,0,-2.73124,-0.500498,0,
