#,R,Px,Py,Pz,Vx,Vy,Vz,Fx,Fy,Fz
0,10,0,0,0,0,0,0,0,0,0,
1,1,1.72648,0.107756,0,-1.14905,1.08671,0,-3.33537,-0.208173,0,
