#,R,Px,Py,Pz,Vx,Vy,Vz,Fx,Fy,Fz
0,10,0,0,0,0,0,0,0,0,0,
1,1,0.868994,-0.944903,0,2.56109,-0.483299,0,-4.10756,4.46637,0,
