#,R,Px,Py,Pz,Vx,Vy,Vz,Fx,Fy,Fz
0,10,0,0,0,0,0,0,0,0,0,
1,1,15.6159,-30.675,0,1.88994,-3.48888,0,-0.00382908,0.0075216,0,
