#,R,Px,Py,Pz,Vx,Vy,Vz,Fx,Fy,Fz
0,10,0,0,0,0,0,0,0,0,0,
1,1,1.2757,-0.790243,0,2.09197,0.271876,0,-3.77508,2.33851,0,
