#,R,Px,Py,Pz,Vx,Vy,Vz,Fx,Fy,Fz
0,10,0,0,0,0,0,0,0,0,0,
1,1,1.59494,-0.799559,0,1.39874,0.552761,0,-2.80842,1.40789,0,
