#,R,Px,Py,Pz,Vx,Vy,Vz,Fx,Fy,Fz
0,10,0,0,0,0,0,0,0,0,0,
1,1,0.296388,-0.690295,0,3.78652,-2.07099,0,-6.9909,16.282,0,
