#,R,Px,Py,Pz,Vx,Vy,Vz,Fx,Fy,Fz
0,10,0,0,0,0,0,0,0,0,0,
1,1,0.397866,0.521253,0,-4.42925,-0.776048,0,-14.1101,-18.486,0,
