#,R,Px,Py,Pz,Vx,Vy,Vz,Fx,Fy,Fz
0,10,0,0,0,0,0,0,0,0,0,
1,1,4.62825,-10.3687,0,1.95315,-3.62136,0,-0.0316141,0.0708254,0,
