#,R,Px,Py,Pz,Vx,Vy,Vz,Fx,Fy,Fz
0,10,0,0,0,0,0,0,0,0,0,
1,1,0.594404,-0.874163,0,3.02316,-1.08131,0,-5.0318,7.40005,0,
