#,R,Px,Py,Pz,Vx,Vy,Vz,Fx,Fy,Fz
0,10,0,0,0,0,0,0,0,0,0,
1,1,1.73098,0.460664,0,-1.23365,0.839609,0,-3.01189,-0.801554,0,
