#,R,Px,Py,Pz,Vx,Vy,Vz,Fx,Fy,Fz
0,10,0,0,0,0,0,0,0,0,0,
1,1,1.71072,-4.93023,0,2.04439,-3.85229,0,-0.12037,0.346901,0,
