#,R,Px,Py,Pz,Vx,Vy,Vz,Fx,Fy,Fz
0,10,0,0,0,0,0,0,0,0,0,
1,1,6.21449,-13.3067,0,1.93272,-3.5766,0,-0.0196186,0.042008,0,
