#,R,Px,Py,Pz,Vx,Vy,Vz,Fx,Fy,Fz
0,10,0,0,0,0,0,0,0,0,0,
1,1,1.99792,0.0666435,0,-0.124968,0.997917,0,-2.50104,-0.083426,0,
