#,R,Px,Py,Pz,Vx,Vy,Vz,Fx,Fy,Fz
0,10,0,0,0,0,0,0,0,0,0,
1,1,1.72993,0.335357,0,-1.20208,0.923083,0,-3.16161,-0.612896,0,
