#,R,Px,Py,Pz,Vx,Vy,Vz,Fx,Fy,Fz
0,10,0,0,0,0,0,0,0,0,0,
1,1,12.9658,-25.7821,0,1.89631,-3.50148,0,-0.00539466,0.0107272,0,
