#,R,Px,Py,Pz,Vx,Vy,Vz,Fx,Fy,Fz
0,10,0,0,0,0,0,0,0,0,0,
1,1,1.99931,0.0499942,0,-0.0833116,0.998959,0,-2.49939,-0.0624993,0,
