#,R,Px,Py,Pz,Vx,Vy,Vz,Fx,Fy,Fz
0,10,0,0,0,0,0,0,0,0,0,
1,1,0.597098,-2.79882,0,2.14087,-4.20123,0,-0.254756,1.19414,0,
