#,R,Px,Py,Pz,Vx,Vy,Vz,Fx,Fy,Fz
0,10,0,0,0,0,0,0,0,0,0,
1,1,1.04189,0.665591,0,-2.62504,0.242631,0,-5.5132,-3.522,0,
