#,R,Px,Py,Pz,Vx,Vy,Vz,Fx,Fy,Fz
0,10,0,0,0,0,0,0,0,0,0,
1,1,1.99503,-0.0753587,0,-0.0672519,1.00503,0,-2.50712,0.094702,0,
