#,R,Px,Py,Pz,Vx,Vy,Vz,Fx,Fy,Fz
0,10,0,0,0,0,0,0,0,0,0,
1,1,1.70413,0.00601031,0,-1.14231,1.16959,0,-3.44339,-0.0121445,0,
