#,R,Px,Py,Pz,Vx,Vy,Vz,Fx,Fy,Fz
0,10,0,0,0,0,0,0,0,0,0,
1,1,1.97503,-0.240728,0,0.348964,0.970108,0,-2.50752,0.305631,0,
