#,R,Px,Py,Pz,Vx,Vy,Vz,Fx,Fy,Fz
0,10,0,0,0,0,0,0,0,0,0,
1,1,1.19168,-0.884081,0,2.14407,0.0876625,0,-3.64772,2.70616,0,
