#,R,Px,Py,Pz,Vx,Vy,Vz,Fx,Fy,Fz
0,10,0,0,0,0,0,0,0,0,0,
1,1,1.8281,-0.00141204,0,-0.836581,1.09468,0,-2.99227,0.00231125,0,
