#,R,Px,Py,Pz,Vx,Vy,Vz,Fx,Fy,Fz
0,10,0,0,0,0,0,0,0,0,0,
1,1,1.94552,0.214528,0,-0.505555,0.972258,0,-2.59452,-0.286092,0,
