#,R,Px,Py,Pz,Vx,Vy,Vz,Fx,Fy,Fz
0,10,0,0,0,0,0,0,0,0,0,
1,1,1.87965,0.309835,0,-0.769707,0.937152,0,-2.71883,-0.448163,0,
