#,R,Px,Py,Pz,Vx,Vy,Vz,Fx,Fy,Fz
0,10,0,0,0,0,0,0,0,0,0,
1,1,1.15595,-0.885542,0,2.20647,0.0398621,0,-3.74379,2.86803,0,
