#,R,Px,Py,Pz,Vx,Vy,Vz,Fx,Fy,Fz
0,10,0,0,0,0,0,0,0,0,0,
1,1,0.101422,-0.569367,0,4.09697,-3.28015,0,-5.24332,29.4351,0,
