#,R,Px,Py,Pz,Vx,Vy,Vz,Fx,Fy,Fz
0,10,0,0,0,0,0,0,0,0,0,
1,1,1.80989,-0.752671,0,0.786571,0.777931,0,-2.40314,0.999381,0,
