#,R,Px,Py,Pz,Vx,Vy,Vz,Fx,Fy,Fz
0,10,0,0,0,0,0,0,0,0,0,
1,1,6.88986,-14.5562,0,1.9264,-3.56315,0,-0.0164959,0.0348508,0,
