#,R,Px,Py,Pz,Vx,Vy,Vz,Fx,Fy,Fz
0,10,0,0,0,0,0,0,0,0,0,
1,1,15.8049,-31.0238,0,1.88956,-3.48814,0,-0.00374448,0.00735012,0,
