#,R,Px,Py,Pz,Vx,Vy,Vz,Fx,Fy,Fz
0,10,0,0,0,0,0,0,0,0,0,
1,1,1.04953,0.520495,0,-2.73972,0.546903,0,-6.52775,-3.23733,0,
