#,R,Px,Py,Pz,Vx,Vy,Vz,Fx,Fy,Fz
0,10,0,0,0,0,0,0,0,0,0,
1,1,6.92196,-14.6156,0,1.92612,-3.56257,0,-0.0163664,0.0345572,0,
