#,R,Px,Py,Pz,Vx,Vy,Vz,Fx,Fy,Fz
0,10,0,0,0,0,0,0,0,0,0,
1,1,2.52048,-6.44898,0,2.00576,-3.74726,0,-0.0759287,0.194274,0,
