#,R,Px,Py,Pz,Vx,Vy,Vz,Fx,Fy,Fz
0,10,0,0,0,0,0,0,0,0,0,
1,1,0.583739,-0.806576,0,3.23432,-1.0428,0,-5.91426,8.17197,0,
