#,R,Px,Py,Pz,Vx,Vy,Vz,Fx,Fy,Fz
0,10,0,0,0,0,0,0,0,0,0,
1,1,-0.401382,-0.115766,0,-0.526844,-7.79769,0,55.0593,15.8802,0,
