#,R,Px,Py,Pz,Vx,Vy,Vz,Fx,Fy,Fz
0,10,0,0,0,0,0,0,0,0,0,
1,1,8.10696,-16.8066,0,1.91728,-3.54406,0,-0.0124779,0.0258681,0,
