#,R,Px,Py,Pz,Vx,Vy,Vz,Fx,Fy,Fz
0,10,0,0,0,0,0,0,0,0,0,
1,1,13.4397,-26.6572,0,1.89501,-3.49889,0,-0.0050513,0.0100191,0,
