#,R,Px,Py,Pz,Vx,Vy,Vz,Fx,Fy,Fz
0,10,0,0,0,0,0,0,0,0,0,
1,1,13.9133,-27.5316,0,1.89378,-3.49646,0,-0.00473989,0.0093793,0,
