#,R,Px,Py,Pz,Vx,Vy,Vz,Fx,Fy,Fz
0,10,0,0,0,0,0,0,0,0,0,
1,1,5.63368,-12.2316,0,1.93913,-3.59042,0,-0.0230684,0.0500849,0,
