#,R,Px,Py,Pz,Vx,Vy,Vz,Fx,Fy,Fz
0,10,0,0,0,0,0,0,0,0,0,
1,1,8.55402,-17.633,0,1.91449,-3.53829,0,-0.0113636,0.0234246,0,
