#,R,Px,Py,Pz,Vx,Vy,Vz,Fx,Fy,Fz
0,10,0,0,0,0,0,0,0,0,0,
1,1,1.87901,-0.0743076,0,-0.644254,1.08987,0,-2.8257,0.111746,0,
