#,R,Px,Py,Pz,Vx,Vy,Vz,Fx,Fy,Fz
0,10,0,0,0,0,0,0,0,0,0,
1,1,1.26139,0.467644,0,-2.26748,0.744918,0,-5.18093,-1.92077,0,
