#,R,Px,Py,Pz,Vx,Vy,Vz,Fx,Fy,Fz
0,10,0,0,0,0,0,0,0,0,0,
1,1,1.97768,-0.300089,0,0.198183,0.981212,0,-2.47091,0.37493,0,
