#,R,Px,Py,Pz,Vx,Vy,Vz,Fx,Fy,Fz
0,10,0,0,0,0,0,0,0,0,0,
1,1,-0.236642,-1.00751,0,2.1061,-5.5325,0,2.13481,9.08903,0,
