#,R,Px,Py,Pz,Vx,Vy,Vz,Fx,Fy,Fz
0,10,0,0,0,0,0,0,0,0,0,
1,1,5.73062,-12.411,0,1.93799,-3.58794,0,-0.0224325,0.0485831,0,
