#,R,Px,Py,Pz,Vx,Vy,Vz,Fx,Fy,Fz
0,10,0,0,0,0,0,0,0,0,0,
1,1,14.8281,-29.2206,0,1.89162,-3.49218,0,-0.00421456,0.00830531,0,
