#,R,Px,Py,Pz,Vx,Vy,Vz,Fx,Fy,Fz
0,10,0,0,0,0,0,0,0,0,0,
1,1,10.6857,-21.5715,0,1.90405,-3.51698,0,-0.00765964,0.0154626,0,
