#,R,Px,Py,Pz,Vx,Vy,Vz,Fx,Fy,Fz
0,10,0,0,0,0,0,0,0,0,0,
1,1,0.0501609,0.373267,0,-5.71835,-2.68078,0,-9.38961,-69.8717,0,
