#,R,Px,Py,Pz,Vx,Vy,Vz,Fx,Fy,Fz
0,10,0,0,0,0,0,0,0,0,0,
1,1,10.4953,-21.2197,0,1.90483,-3.51855,0,-0.00791072,0.0159941,0,
