#,R,Px,Py,Pz,Vx,Vy,Vz,Fx,Fy,Fz
0,10,0,0,0,0,0,0,0,0,0,
1,1,12.5231,-24.9648,0,1.89762,-3.50408,0,-0.00574794,0.0114585,0,
