#,R,Px,Py,Pz,Vx,Vy,Vz,Fx,Fy,Fz
0,10,0,0,0,0,0,0,0,0,0,
1,1,10.9078,-21.9817,0,1.90317,-3.5152,0,-0.00738163,0.0148756,0,
