#,R,Px,Py,Pz,Vx,Vy,Vz,Fx,Fy,Fz
0,10,0,0,0,0,0,0,0,0,0,
1,1,15.8364,-31.082,0,1.8895,-3.48802,0,-0.00373065,0.00732212,0,
