#,R,Px,Py,Pz,Vx,Vy,Vz,Fx,Fy,Fz
0,10,0,0,0,0,0,0,0,0,0,
1,1,0.901245,0.541983,0,-3.08493,0.363963,0,-7.74849,-4.65972,0,
