#,R,Px,Py,Pz,Vx,Vy,Vz,Fx,Fy,Fz
0,10,0,0,0,0,0,0,0,0,0,
1,1,1.98388,-0.216873,0,-0.0083562,1.00904,0,-2.49591,0.272846,0,
