#,R,Px,Py,Pz,Vx,Vy,Vz,Fx,Fy,Fz
0,10,0,0,0,0,0,0,0,0,0,
1,1,0.438852,-0.812997,0,3.29266,-1.54249,0,-5.56507,10.3096,0,
