#,R,Px,Py,Pz,Vx,Vy,Vz,Fx,Fy,Fz
0,10,0,0,0,0,0,0,0,0,0,
1,1,1.40445,0.415244,0,-1.95292,0.846637,0,-4.47088,-1.32187,0,
