#,R,Px,Py,Pz,Vx,Vy,Vz,Fx,Fy,Fz
0,10,0,0,0,0,0,0,0,0,0,
1,1,13.5976,-26.9487,0,1.89459,-3.49806,0,-0.00494415,0.00979871,0,
