#,R,Px,Py,Pz,Vx,Vy,Vz,Fx,Fy,Fz
0,10,0,0,0,0,0,0,0,0,0,
1,1,1.41568,-0.672116,0,1.89818,0.511556,0,-3.67833,1.74635,0,
