#,R,Px,Py,Pz,Vx,Vy,Vz,Fx,Fy,Fz
0,10,0,0,0,0,0,0,0,0,0,
1,1,1.91956,-0.351767,0,0.645896,0.923541,0,-2.58273,0.473295,0,
