#,R,Px,Py,Pz,Vx,Vy,Vz,Fx,Fy,Fz
0,10,0,0,0,0,0,0,0,0,0,
1,1,7.81921,-16.2747,0,1.91922,-3.54808,0,-0.0132839,0.0276487,0,
