#,R,Px,Py,Pz,Vx,Vy,Vz,Fx,Fy,Fz
0,10,0,0,0,0,0,0,0,0,0,
1,1,6.47204,-13.7832,0,1.93018,-3.57117,0,-0.0183311,0.039039,0,
