#,R,Px,Py,Pz,Vx,Vy,Vz,Fx,Fy,Fz
0,10,0,0,0,0,0,0,0,0,0,
1,1,1.49316,-0.927751,0,1.5083,0.402281,0,-2.74863,1.70782,0,
