#,R,Px,Py,Pz,Vx,Vy,Vz,Fx,Fy,Fz
0,10,0,0,0,0,0,0,0,0,0,
1,1,11.0981,-22.3332,0,1.90244,-3.51374,0,-0.00715529,0.0143989,0,
