#,R,Px,Py,Pz,Vx,Vy,Vz,Fx,Fy,Fz
0,10,0,0,0,0,0,0,0,0,0,
1,1,3.3176,-7.93492,0,1.98039,-3.68443,0,-0.052149,0.124728,0,
