#,R,Px,Py,Pz,Vx,Vy,Vz,Fx,Fy,Fz
0,10,0,0,0,0,0,0,0,0,0,
1,1,1.9854,0.116341,0,-0.25062,0.992669,0,-2.5239,-0.147897,0,
