#,R,Px,Py,Pz,Vx,Vy,Vz,Fx,Fy,Fz
0,10,0,0,0,0,0,0,0,0,0,
1,1,8.87297,-18.2224,0,1.91265,-3.53451,0,-0.0106573,0.0218869,0,
