#,R,Px,Py,Pz,Vx,Vy,Vz,Fx,Fy,Fz
0,10,0,0,0,0,0,0,0,0,0,
1,1,7.43507,-15.5645,0,1.922,-3.5539,0,-0.0144871,0.0303272,0,
