#,R,Px,Py,Pz,Vx,Vy,Vz,Fx,Fy,Fz
0,10,0,0,0,0,0,0,0,0,0,
1,1,1.90352,-0.472928,0,0.654102,0.888175,0,-2.52271,0.626765,0,
