#,R,Px,Py,Pz,Vx,Vy,Vz,Fx,Fy,Fz
0,10,0,0,0,0,0,0,0,0,0,
1,1,1.67977,0.262014,0,-1.31461,0.985586,0,-3.41855,-0.533235,0,
