#,R,Px,Py,Pz,Vx,Vy,Vz,Fx,Fy,Fz
0,10,0,0,0,0,0,0,0,0,0,
1,1,4.82344,-10.7306,0,1.95008,-3.61449,0,-0.0296212,0.0658974,0,
