#,R,Px,Py,Pz,Vx,Vy,Vz,Fx,Fy,Fz
0,10,0,0,0,0,0,0,0,0,0,
1,1,6.2467,-13.3663,0,1.93239,-3.5759,0,-0.0194503,0.0416185,0,
