#,R,Px,Py,Pz,Vx,Vy,Vz,Fx,Fy,Fz
0,10,0,0,0,0,0,0,0,0,0,
1,1,1.92961,-0.336244,0,0.602851,0.93143,0,-2.56788,0.447465,0,
