#,R,Px,Py,Pz,Vx,Vy,Vz,Fx,Fy,Fz
0,10,0,0,0,0,0,0,0,0,0,
1,1,1.35962,-0.956148,0,1.7475,0.242075,0,-2.96073,2.08213,0,
