#,R,Px,Py,Pz,Vx,Vy,Vz,Fx,Fy,Fz
0,10,0,0,0,0,0,0,0,0,0,
1,1,-0.0303112,-0.424991,0,4.36462,-4.7862,0,3.91884,54.9459,0,
