#,R,Px,Py,Pz,Vx,Vy,Vz,Fx,Fy,Fz
0,10,0,0,0,0,0,0,0,0,0,
1,1,1.47036,-0.841381,0,1.6431,0.419981,0,-3.02432,1.7306,0,
