#,R,Px,Py,Pz,Vx,Vy,Vz,Fx,Fy,Fz
0,10,0,0,0,0,0,0,0,0,0,
1,1,6.3755,-13.6046,0,1.93111,-3.57316,0,-0.0187985,0.040114,0,
