#,R,Px,Py,Pz,Vx,Vy,Vz,Fx,Fy,Fz
0,10,0,0,0,0,0,0,0,0,0,
1,1,1.97039,-0.332686,0,0.280498,0.967667,0,-2.46936,0.416933,0,
