#,R,Px,Py,Pz,Vx,Vy,Vz,Fx,Fy,Fz
0,10,0,0,0,0,0,0,0,0,0,
1,1,11.003,-22.1575,0,1.9028,-3.51446,0,-0.00726713,0.0146343,0,
