#,R,Px,Py,Pz,Vx,Vy,Vz,Fx,Fy,Fz
0,10,0,0,0,0,0,0,0,0,0,
1,1,5.69832,-12.3512,0,1.93837,-3.58876,0,-0.0226415,0.049076,0,
