#,R,Px,Py,Pz,Vx,Vy,Vz,Fx,Fy,Fz
0,10,0,0,0,0,0,0,0,0,0,
1,1,1.84309,-0.635338,0,0.784806,0.814602,0,-2.4875,0.857478,0,
