#,R,Px,Py,Pz,Vx,Vy,Vz,Fx,Fy,Fz
0,10,0,0,0,0,0,0,0,0,0,
1,1,11.8586,-23.7376,0,1.89973,-3.50831,0,-0.00634718,0.0127053,0,
