#,R,Px,Py,Pz,Vx,Vy,Vz,Fx,Fy,Fz
0,10,0,0,0,0,0,0,0,0,0,
1,1,2.75405,-6.88507,0,1.99733,-3.72591,0,-0.0675397,0.168848,0,
