#,R,Px,Py,Pz,Vx,Vy,Vz,Fx,Fy,Fz
0,10,0,0,0,0,0,0,0,0,0,
1,1,14.5758,-28.7549,0,1.89219,-3.49331,0,-0.00435035,0.00858226,0,
