#,R,Px,Py,Pz,Vx,Vy,Vz,Fx,Fy,Fz
0,10,0,0,0,0,0,0,0,0,0,
1,1,5.21293,-11.4523,0,1.94448,-3.60211,0,-0.026166,0.0574842,0,
