#,R,Px,Py,Pz,Vx,Vy,Vz,Fx,Fy,Fz
0,10,0,0,0,0,0,0,0,0,0,
1,1,1.88354,-0.244324,0,-0.487264,1.12504,0,-2.74904,0.356592,0,
