#,R,Px,Py,Pz,Vx,Vy,Vz,Fx,Fy,Fz
0,10,0,0,0,0,0,0,0,0,0,
1,1,0.383974,-0.787289,0,3.38789,-1.73773,0,-5.71332,11.7144,0,
