#,R,Px,Py,Pz,Vx,Vy,Vz,Fx,Fy,Fz
0,10,0,0,0,0,0,0,0,0,0,
1,1,9.66906,-19.6934,0,1.90852,-3.52606,0,-0.00915661,0.0186496,0,
