#,R,Px,Py,Pz,Vx,Vy,Vz,Fx,Fy,Fz
0,10,0,0,0,0,0,0,0,0,0,
1,1,1.6645,0.380436,0,-1.36307,0.890022,0,-3.34397,-0.764297,0,
