#,R,Px,Py,Pz,Vx,Vy,Vz,Fx,Fy,Fz
0,10,0,0,0,0,0,0,0,0,0,
1,1,14.6704,-28.9295,0,1.89197,-3.49288,0,-0.00429866,0.00847679,0,
