#,R,Px,Py,Pz,Vx,Vy,Vz,Fx,Fy,Fz
0,10,0,0,0,0,0,0,0,0,0,
1,1,1.59479,0.541011,0,-1.54747,0.746658,0,-3.33912,-1.13275,0,
