#,R,Px,Py,Pz,Vx,Vy,Vz,Fx,Fy,Fz
0,10,0,0,0,0,0,0,0,0,0,
1,1,7.56318,-15.8013,0,1.92105,-3.5519,0,-0.0140684,0.0293922,0,
