#,R,Px,Py,Pz,Vx,Vy,Vz,Fx,Fy,Fz
0,10,0,0,0,0,0,0,0,0,0,
1,1,0.163129,-1.92355,0,2.19357,-4.57065,0,-0.226754,2.67378,0,
