#,R,Px,Py,Pz,Vx,Vy,Vz,Fx,Fy,Fz
0,10,0,0,0,0,0,0,0,0,0,
1,1,1.94384,-0.0454718,0,-0.433531,1.03903,0,-2.64437,0.0618593,0,
