#,R,Px,Py,Pz,Vx,Vy,Vz,Fx,Fy,Fz
0,10,0,0,0,0,0,0,0,0,0,
1,1,14.6389,-28.8713,0,1.89204,-3.49303,0,-0.00431579,0.00851173,0,
