#,R,Px,Py,Pz,Vx,Vy,Vz,Fx,Fy,Fz
0,10,0,0,0,0,0,0,0,0,0,
1,1,1.26436,-4.08533,0,2.07498,-3.94595,0,-0.16166,0.522346,0,
