#,R,Px,Py,Pz,Vx,Vy,Vz,Fx,Fy,Fz
0,10,0,0,0,0,0,0,0,0,0,
1,1,1.81421,0.144639,0,-0.944787,1.02709,0,-3.00953,-0.239938,0,
