#,R,Px,Py,Pz,Vx,Vy,Vz,Fx,Fy,Fz
0,10,0,0,0,0,0,0,0,0,0,
1,1,1.68721,0.365603,0,-1.30842,0.901865,0,-3.2792,-0.710571,0,
