#,R,Px,Py,Pz,Vx,Vy,Vz,Fx,Fy,Fz
0,10,0,0,0,0,0,0,0,0,0,
1,1,8.61784,-17.7509,0,1.91411,-3.53751,0,-0.0112168,0.0231042,0,
