#,R,Px,Py,Pz,Vx,Vy,Vz,Fx,Fy,Fz
0,10,0,0,0,0,0,0,0,0,0,
1,1,1.96079,0.0591008,0,-0.405864,1.00777,0,-2.59746,-0.0782909,0,
