#,R,Px,Py,Pz,Vx,Vy,Vz,Fx,Fy,Fz
0,10,0,0,0,0,0,0,0,0,0,
1,1,6.76138,-14.3185,0,1.92752,-3.56552,0,-0.0170298,0.0360638,0,
