#,R,Px,Py,Pz,Vx,Vy,Vz,Fx,Fy,Fz
0,10,0,0,0,0,0,0,0,0,0,
1,1,1.8851,-0.39752,0,0.776766,0.897153,0,-2.63627,0.555924,0,
