#,R,Px,Py,Pz,Vx,Vy,Vz,Fx,Fy,Fz
0,10,0,0,0,0,0,0,0,0,0,
1,1,14.702,-28.9877,0,1.8919,-3.49274,0,-0.00428164,0.00844207,0,
