#,R,Px,Py,Pz,Vx,Vy,Vz,Fx,Fy,Fz
0,10,0,0,0,0,0,0,0,0,0,
1,1,13.3765,-26.5406,0,1.89518,-3.49922,0,-0.00509515,0.0101094,0,
