#,R,Px,Py,Pz,Vx,Vy,Vz,Fx,Fy,Fz
0,10,0,0,0,0,0,0,0,0,0,
1,1,9.57362,-19.517,0,1.90899,-3.527,0,-0.00931921,0.0189984,0,
