#,R,Px,Py,Pz,Vx,Vy,Vz,Fx,Fy,Fz
0,10,0,0,0,0,0,0,0,0,0,
1,1,0.950975,-0.957374,0,2.42622,-0.339442,0,-3.8702,3.89624,0,
