#,R,Px,Py,Pz,Vx,Vy,Vz,Fx,Fy,Fz
0,10,0,0,0,0,0,0,0,0,0,
1,1,12.1751,-24.3222,0,1.8987,-3.50624,0,-0.00605063,0.0120873,0,
