#,R,Px,Py,Pz,Vx,Vy,Vz,Fx,Fy,Fz
0,10,0,0,0,0,0,0,0,0,0,
1,1,-0.372636,0.0134733,0,-1.72477,-7.75438,0,71.8754,-2.59878,0,
