#,R,Px,Py,Pz,Vx,Vy,Vz,Fx,Fy,Fz
0,10,0,0,0,0,0,0,0,0,0,
1,1,1.68676,0.471363,0,-1.29867,0.822792,0,-3.13985,-0.877424,0,
