#,R,Px,Py,Pz,Vx,Vy,Vz,Fx,Fy,Fz
0,10,0,0,0,0,0,0,0,0,0,
1,1,1.84488,0.110346,0,-0.846671,1.03344,0,-2.9224,-0.174795,0,
