#,R,Px,Py,Pz,Vx,Vy,Vz,Fx,Fy,Fz
0,10,0,0,0,0,0,0,0,0,0,
1,1,1.60829,-4.73701,0,2.05067,-3.87067,0,-0.128464,0.378373,0,
