#,R,Px,Py,Pz,Vx,Vy,Vz,Fx,Fy,Fz
0,10,0,0,0,0,0,0,0,0,0,
1,1,1.88023,0.192121,0,-0.761911,0.985848,0,-2.78492,-0.284561,0,
