#,R,Px,Py,Pz,Vx,Vy,Vz,Fx,Fy,Fz
0,10,0,0,0,0,0,0,0,0,0,
1,1,0.778031,-0.786314,0,3.02961,-0.491273,0,-5.74812,5.80932,0,
