#,R,Px,Py,Pz,Vx,Vy,Vz,Fx,Fy,Fz
0,10,0,0,0,0,0,0,0,0,0,
1,1,12.5547,-25.0232,0,1.89752,-3.50389,0,-0.00572156,0.0114038,0,
