#,R,Px,Py,Pz,Vx,Vy,Vz,Fx,Fy,Fz
0,10,0,0,0,0,0,0,0,0,0,
1,1,1.96839,-0.114576,0,-0.260556,1.03122,0,-2.56787,0.14947,0,
