#,R,Px,Py,Pz,Vx,Vy,Vz,Fx,Fy,Fz
0,10,0,0,0,0,0,0,0,0,0,
1,1,1.93203,-0.427503,0,0.528494,0.918239,0,-2.49364,0.551771,0,
