#,R,Px,Py,Pz,Vx,Vy,Vz,Fx,Fy,Fz
0,10,0,0,0,0,0,0,0,0,0,
1,1,9.73267,-19.8109,0,1.90822,-3.52544,0,-0.00905058,0.0184225,0,
