#,R,Px,Py,Pz,Vx,Vy,Vz,Fx,Fy,Fz
0,10,0,0,0,0,0,0,0,0,0,
1,1,9.89167,-20.1046,0,1.90747,-3.52392,0,-0.00879348,0.0178726,0,
