#,R,Px,Py,Pz,Vx,Vy,Vz,Fx,Fy,Fz
0,10,0,0,0,0,0,0,0,0,0,
1,1,4.69335,-10.4894,0,1.95211,-3.61902,0,-0.0309278,0.0691222,0,
