#,R,Px,Py,Pz,Vx,Vy,Vz,Fx,Fy,Fz
0,10,0,0,0,0,0,0,0,0,0,
1,1,0.798652,0.668971,0,-3.13103,-0.118407,0,-7.06305,-5.91619,0,
