#,R,Px,Py,Pz,Vx,Vy,Vz,Fx,Fy,Fz
0,10,0,0,0,0,0,0,0,0,0,
1,1,7.5952,-15.8605,0,1.92081,-3.55141,0,-0.0139665,0.0291653,0,
