#,R,Px,Py,Pz,Vx,Vy,Vz,Fx,Fy,Fz
0,10,0,0,0,0,0,0,0,0,0,
1,1,1.64166,-0.683131,0,1.37274,0.64705,0,-2.92011,1.21512,0,
