#,R,Px,Py,Pz,Vx,Vy,Vz,Fx,Fy,Fz
0,10,0,0,0,0,0,0,0,0,0,
1,1,9.44633,-19.2818,0,1.90962,-3.52829,0,-0.00954289,0.019479,0,
