#,R,Px,Py,Pz,Vx,Vy,Vz,Fx,Fy,Fz
0,10,0,0,0,0,0,0,0,0,0,
1,1,1.95394,0.198324,0,-0.462567,0.976621,0,-2.57928,-0.261796,0,
