#,R,Px,Py,Pz,Vx,Vy,Vz,Fx,Fy,Fz
0,10,0,0,0,0,0,0,0,0,0,
1,1,1.82161,0.256969,0,-0.950904,0.96379,0,-2.92586,-0.412742,0,
