#,R,Px,Py,Pz,Vx,Vy,Vz,Fx,Fy,Fz
0,10,0,0,0,0,0,0,0,0,0,
1,1,0.878351,0.606724,0,-3.05858,0.164269,0,-7.21989,-4.98717,0,
