#,R,Px,Py,Pz,Vx,Vy,Vz,Fx,Fy,Fz
0,10,0,0,0,0,0,0,0,0,0,
1,1,7.37099,-15.446,0,1.92249,-3.55492,0,-0.0147037,0.0308116,0,
