#,R,Px,Py,Pz,Vx,Vy,Vz,Fx,Fy,Fz
0,10,0,0,0,0,0,0,0,0,0,
1,1,0.0435211,-0.489498,0,4.42994,-3.87043,0,-3.66705,41.2447,0,
