#,R,Px,Py,Pz,Vx,Vy,Vz,Fx,Fy,Fz
0,10,0,0,0,0,0,0,0,0,0,
1,1,1.91372,-0.457951,0,0.612056,0.898621,0,-2.5117,0.601049,0,
