#,R,Px,Py,Pz,Vx,Vy,Vz,Fx,Fy,Fz
0,10,0,0,0,0,0,0,0,0,0,
1,1,13.8186,-27.3568,0,1.89402,-3.49693,0,-0.00479981,0.00950223,0,
