#,R,Px,Py,Pz,Vx,Vy,Vz,Fx,Fy,Fz
0,10,0,0,0,0,0,0,0,0,0,
1,1,11.5102,-23.0942,0,1.90093,-3.51071,0,-0.00669948,0.0134419,0,
