#,R,Px,Py,Pz,Vx,Vy,Vz,Fx,Fy,Fz
0,10,0,0,0,0,0,0,0,0,0,
1,1,1.82071,0.370981,0,-0.953773,0.904137,0,-2.83805,-0.578272,0,
