#,R,Px,Py,Pz,Vx,Vy,Vz,Fx,Fy,Fz
0,10,0,0,0,0,0,0,0,0,0,
1,1,1.7064,0.12581,0,-1.20464,1.08324,0,-3.40647,-0.251153,0,
