#,R,Px,Py,Pz,Vx,Vy,Vz,Fx,Fy,Fz
0,10,0,0,0,0,0,0,0,0,0,
1,1,0.87492,-0.870278,0,2.69951,-0.399265,0,-4.65559,4.63089,0,
