#,R,Px,Py,Pz,Vx,Vy,Vz,Fx,Fy,Fz
0,10,0,0,0,0,0,0,0,0,0,
1,1,10.0824,-20.4569,0,1.90661,-3.52216,0,-0.00849927,0.0172448,0,
