#,R,Px,Py,Pz,Vx,Vy,Vz,Fx,Fy,Fz
0,10,0,0,0,0,0,0,0,0,0,
1,1,16.1198,-31.6051,0,1.88895,-3.48693,0,-0.00360961,0.00707715,0,
