#,R,Px,Py,Pz,Vx,Vy,Vz,Fx,Fy,Fz
0,10,0,0,0,0,0,0,0,0,0,
1,1,11.2566,-22.626,0,1.90185,-3.51255,0,-0.00697459,0.014019,0,
