#,R,Px,Py,Pz,Vx,Vy,Vz,Fx,Fy,Fz
0,10,0,0,0,0,0,0,0,0,0,
1,1,11.4468,-22.9771,0,1.90116,-3.51117,0,-0.0067667,0.0135828,0,
