#,R,Px,Py,Pz,Vx,Vy,Vz,Fx,Fy,Fz
0,10,0,0,0,0,0,0,0,0,0,
1,1,0.474215,-0.769263,0,3.44423,-1.36968,0,-6.42576,10.4238,0,
