#,R,Px,Py,Pz,Vx,Vy,Vz,Fx,Fy,Fz
0,10,0,0,0,0,0,0,0,0,0,
1,1,1.41763,0.316425,0,-1.91611,0.983117,0,-4.62597,-1.03255,0,
