#,R,Px,Py,Pz,Vx,Vy,Vz,Fx,Fy,Fz
0,10,0,0,0,0,0,0,0,0,0,
1,1,1.34985,0.348302,0,-2.07315,0.946706,0,-4.98238,-1.2856,0,
