#,R,Px,Py,Pz,Vx,Vy,Vz,Fx,Fy,Fz
0,10,0,0,0,0,0,0,0,0,0,
1,1,1.97893,0.00867249,0,-0.277506,1.00943,0,-2.55344,-0.0111902,0,
