#,R,Px,Py,Pz,Vx,Vy,Vz,Fx,Fy,Fz
0,10,0,0,0,0,0,0,0,0,0,
1,1,-0.222636,0.0697046,0,-2.93552,-8.06418,0,175.344,-54.8979,0,
