#,R,Px,Py,Pz,Vx,Vy,Vz,Fx,Fy,Fz
0,10,0,0,0,0,0,0,0,0,0,
1,1,4.49795,-10.1271,0,1.95532,-3.62623,0,-0.0330577,0.074429,0,
