#,R,Px,Py,Pz,Vx,Vy,Vz,Fx,Fy,Fz
0,10,0,0,0,0,0,0,0,0,0,
1,1,1.91669,-0.336971,0,-0.265922,1.09022,0,-2.60056,0.457203,0,
