#,R,Px,Py,Pz,Vx,Vy,Vz,Fx,Fy,Fz
0,10,0,0,0,0,0,0,0,0,0,
1,1,0.629855,0.652293,0,-3.50572,-0.455271,0,-8.44834,-8.74931,0,
