#,R,Px,Py,Pz,Vx,Vy,Vz,Fx,Fy,Fz
0,10,0,0,0,0,0,0,0,0,0,
1,1,3.41658,-8.11903,0,1.97782,-3.6783,0,-0.0499883,0.11879,0,
