#,R,Px,Py,Pz,Vx,Vy,Vz,Fx,Fy,Fz
0,10,0,0,0,0,0,0,0,0,0,
1,1,1.57054,-0.714409,0,1.52323,0.580557,0,-3.05763,1.39086,0,
