#,R,Px,Py,Pz,Vx,Vy,Vz,Fx,Fy,Fz
0,10,0,0,0,0,0,0,0,0,0,
1,1,9.28715,-18.9877,0,1.91043,-3.52995,0,-0.0098341,0.020106,0,
