#,R,Px,Py,Pz,Vx,Vy,Vz,Fx,Fy,Fz
0,10,0,0,0,0,0,0,0,0,0,
1,1,10.654,-21.5129,0,1.90417,-3.51724,0,-0.00770064,0.0155493,0,
