#,R,Px,Py,Pz,Vx,Vy,Vz,Fx,Fy,Fz
0,10,0,0,0,0,0,0,0,0,0,
1,1,5.31013,-11.6324,0,1.94319,-3.59927,0,-0.0253975,0.0556358,0,
