#,R,Px,Py,Pz,Vx,Vy,Vz,Fx,Fy,Fz
0,10,0,0,0,0,0,0,0,0,0,
1,1,13.9764,-27.6482,0,1.89362,-3.49615,0,-0.00470057,0.00929868,0,
