#,R,Px,Py,Pz,Vx,Vy,Vz,Fx,Fy,Fz
0,10,0,0,0,0,0,0,0,0,0,
1,1,0.961068,-0.879824,0,2.54701,-0.250685,0,-4.34456,3.9773,0,
