#,R,Px,Py,Pz,Vx,Vy,Vz,Fx,Fy,Fz
0,10,0,0,0,0,0,0,0,0,0,
1,1,1.41562,0.50219,0,-1.91375,0.733906,0,-4.17721,-1.48186,0,
