#,R,Px,Py,Pz,Vx,Vy,Vz,Fx,Fy,Fz
0,10,0,0,0,0,0,0,0,0,0,
1,1,11.0664,-22.2746,0,1.90256,-3.51398,0,-0.00719228,0.0144767,0,
