#,R,Px,Py,Pz,Vx,Vy,Vz,Fx,Fy,Fz
0,10,0,0,0,0,0,0,0,0,0,
1,1,1.83746,0.240905,0,-0.902786,0.970099,0,-2.88711,-0.378523,0,
