#,R,Px,Py,Pz,Vx,Vy,Vz,Fx,Fy,Fz
0,10,0,0,0,0,0,0,0,0,0,
1,1,1.66024,-0.769633,0,1.26005,0.620528,0,-2.70926,1.25593,0,
