#,R,Px,Py,Pz,Vx,Vy,Vz,Fx,Fy,Fz
0,10,0,0,0,0,0,0,0,0,0,
1,1,8.45828,-17.456,0,1.91507,-3.53948,0,-0.0115894,0.0239179,0,
