#,R,Px,Py,Pz,Vx,Vy,Vz,Fx,Fy,Fz
0,10,0,0,0,0,0,0,0,0,0,
1,1,1.40494,-0.765975,0,1.84946,0.415221,0,-3.42889,1.86944,0,
