#,R,Px,Py,Pz,Vx,Vy,Vz,Fx,Fy,Fz
0,10,0,0,0,0,0,0,0,0,0,
1,1,-0.0358142,-0.449608,0,4.07217,-4.72209,0,3.9033,49.0017,0,
