#,R,Px,Py,Pz,Vx,Vy,Vz,Fx,Fy,Fz
0,10,0,0,0,0,0,0,0,0,0,
1,1,1.09073,-3.75413,0,2.08948,-3.99458,0,-0.182556,0.628329,0,
