#,R,Px,Py,Pz,Vx,Vy,Vz,Fx,Fy,Fz
0,10,0,0,0,0,0,0,0,0,0,
1,1,1.66425,0.484832,0,-1.351,0.808168,0,-3.19521,-0.930834,0,
