#,R,Px,Py,Pz,Vx,Vy,Vz,Fx,Fy,Fz
0,10,0,0,0,0,0,0,0,0,0,
1,1,-0.222855,-0.0799478,0,-0.0131299,-8.97915,0,167.915,60.2382,0,
