#,R,Px,Py,Pz,Vx,Vy,Vz,Fx,Fy,Fz
0,10,0,0,0,0,0,0,0,0,0,
1,1,1.8366,0.355912,0,-0.907021,0.913198,0,-2.80513,-0.543602,0,
