#,R,Px,Py,Pz,Vx,Vy,Vz,Fx,Fy,Fz
0,10,0,0,0,0,0,0,0,0,0,
1,1,0.985944,-3.55329,0,2.09907,-4.02862,0,-0.196627,0.708632,0,
