#,R,Px,Py,Pz,Vx,Vy,Vz,Fx,Fy,Fz
0,10,0,0,0,0,0,0,0,0,0,
1,1,1.64247,-4.80152,0,2.04853,-3.86436,0,-0.125682,0.367413,0,
