#,R,Px,Py,Pz,Vx,Vy,Vz,Fx,Fy,Fz
0,10,0,0,0,0,0,0,0,0,0,
1,1,1.95756,-0.0800828,0,-0.346432,1.03585,0,-2.60303,0.106489,0,
