#,R,Px,Py,Pz,Vx,Vy,Vz,Fx,Fy,Fz
0,10,0,0,0,0,0,0,0,0,0,
1,1,0.537007,-0.679936,0,3.71571,-0.98033,0,-8.25637,10.4539,0,
