#,R,Px,Py,Pz,Vx,Vy,Vz,Fx,Fy,Fz
0,10,0,0,0,0,0,0,0,0,0,
1,1,4.00794,-9.21786,0,1.96441,-3.64692,0,-0.0394665,0.0907691,0,
