#,R,Px,Py,Pz,Vx,Vy,Vz,Fx,Fy,Fz
0,10,0,0,0,0,0,0,0,0,0,
1,1,1.88306,-0.654546,0,0.508072,0.885497,0,-2.37666,0.826119,0,
