#,R,Px,Py,Pz,Vx,Vy,Vz,Fx,Fy,Fz
0,10,0,0,0,0,0,0,0,0,0,
1,1,1.92503,-0.164685,0,-0.416947,1.07461,0,-2.66915,0.228344,0,
