#,R,Px,Py,Pz,Vx,Vy,Vz,Fx,Fy,Fz
0,10,0,0,0,0,0,0,0,0,0,
1,1,4.17153,-9.52153,0,1.9612,-3.63956,0,-0.0371357,0.0847622,0,
