#,R,Px,Py,Pz,Vx,Vy,Vz,Fx,Fy,Fz
0,10,0,0,0,0,0,0,0,0,0,
1,1,15.4584,-30.3842,0,1.89026,-3.48952,0,-0.0039018,0.00766916,0,
