#,R,Px,Py,Pz,Vx,Vy,Vz,Fx,Fy,Fz
0,10,0,0,0,0,0,0,0,0,0,
1,1,16.0253,-31.4307,0,1.88913,-3.48729,0,-0.00364929,0.00715741,0,
