#,R,Px,Py,Pz,Vx,Vy,Vz,Fx,Fy,Fz
0,10,0,0,0,0,0,0,0,0,0,
1,1,1.95405,0.214998,0,-0.503584,0.972438,0,-2.57211,-0.283001,0,
