#,R,Px,Py,Pz,Vx,Vy,Vz,Fx,Fy,Fz
0,10,0,0,0,0,0,0,0,0,0,
1,1,1.64085,0.395058,0,-1.4188,0.877284,0,-3.41314,-0.821762,0,
