#,R,Px,Py,Pz,Vx,Vy,Vz,Fx,Fy,Fz
0,10,0,0,0,0,0,0,0,0,0,
1,1,6.11782,-13.1278,0,1.93372,-3.57874,0,-0.0201369,0.0432104,0,
