#,R,Px,Py,Pz,Vx,Vy,Vz,Fx,Fy,Fz
0,10,0,0,0,0,0,0,0,0,0,
1,1,9.31899,-19.0466,0,1.91026,-3.52961,0,-0.00977479,0.0199782,0,
