#,R,Px,Py,Pz,Vx,Vy,Vz,Fx,Fy,Fz
0,10,0,0,0,0,0,0,0,0,0,
1,1,1.94855,-5.37773,0,2.03119,-3.81496,0,-0.104125,0.28737,0,
