#,R,Px,Py,Pz,Vx,Vy,Vz,Fx,Fy,Fz
0,10,0,0,0,0,0,0,0,0,0,
1,1,0.224335,0.537314,0,-4.49617,-1.85373,0,-11.3641,-27.2186,0,
