#,R,Px,Py,Pz,Vx,Vy,Vz,Fx,Fy,Fz
0,10,0,0,0,0,0,0,0,0,0,
1,1,14.6074,-28.8131,0,1.89212,-3.49317,0,-0.00433302,0.00854689,0,
