#,R,Px,Py,Pz,Vx,Vy,Vz,Fx,Fy,Fz
0,10,0,0,0,0,0,0,0,0,0,
1,1,0.684922,0.500787,0,-3.72349,0.197575,0,-11.2131,-8.19859,0,
