#,R,Px,Py,Pz,Vx,Vy,Vz,Fx,Fy,Fz
0,10,0,0,0,0,0,0,0,0,0,
1,1,1.74141,-0.525475,0,1.19165,0.78891,0,-2.89352,0.873126,0,
