#,R,Px,Py,Pz,Vx,Vy,Vz,Fx,Fy,Fz
0,10,0,0,0,0,0,0,0,0,0,
1,1,1.55553,0.34161,0,-1.61291,0.931523,0,-3.85087,-0.845689,0,
