#,R,Px,Py,Pz,Vx,Vy,Vz,Fx,Fy,Fz
0,10,0,0,0,0,0,0,0,0,0,
1,1,10.9396,-22.0403,0,1.90304,-3.51496,0,-0.00734316,0.0147945,0,
