#,R,Px,Py,Pz,Vx,Vy,Vz,Fx,Fy,Fz
0,10,0,0,0,0,0,0,0,0,0,
1,1,-0.197194,0.133929,0,-4.51325,-7.07701,0,145.584,-98.8768,0,
