#,R,Px,Py,Pz,Vx,Vy,Vz,Fx,Fy,Fz
0,10,0,0,0,0,0,0,0,0,0,
1,1,1.47121,-4.47785,0,2.05973,-3.8979,0,-0.140504,0.427644,0,
