#,R,Px,Py,Pz,Vx,Vy,Vz,Fx,Fy,Fz
0,10,0,0,0,0,0,0,0,0,0,
1,1,-0.0568572,-1.4464,0,2.19802,-4.9456,0,0.187461,4.76886,0,
