#,R,Px,Py,Pz,Vx,Vy,Vz,Fx,Fy,Fz
0,10,0,0,0,0,0,0,0,0,0,
1,1,1.82995,0.127521,0,-0.895378,1.03053,0,-2.96459,-0.206589,0,
