#,R,Px,Py,Pz,Vx,Vy,Vz,Fx,Fy,Fz
0,10,0,0,0,0,0,0,0,0,0,
1,1,9.60543,-19.5758,0,1.90883,-3.52669,0,-0.00926453,0.018881,0,
