#,R,Px,Py,Pz,Vx,Vy,Vz,Fx,Fy,Fz
0,10,0,0,0,0,0,0,0,0,0,
1,1,0.345251,-2.29756,0,2.17236,-4.37911,0,-0.27529,1.83198,0,
