#,R,Px,Py,Pz,Vx,Vy,Vz,Fx,Fy,Fz
0,10,0,0,0,0,0,0,0,0,0,
1,1,0.236185,-2.07516,0,2.18569,-4.48502,0,-0.259247,2.27779,0,
