#,R,Px,Py,Pz,Vx,Vy,Vz,Fx,Fy,Fz
0,10,0,0,0,0,0,0,0,0,0,
1,1,10.4,-21.0438,0,1.90523,-3.51936,0,-0.00804095,0.0162703,0,
