#,R,Px,Py,Pz,Vx,Vy,Vz,Fx,Fy,Fz
0,10,0,0,0,0,0,0,0,0,0,
1,1,0.735867,-0.846001,0,2.95064,-0.674366,0,-5.22016,6.00143,0,
