#,R,Px,Py,Pz,Vx,Vy,Vz,Fx,Fy,Fz
0,10,0,0,0,0,0,0,0,0,0,
1,1,8.96859,-18.3991,0,1.91212,-3.53342,0,-0.0104583,0.0214553,0,
