#,R,Px,Py,Pz,Vx,Vy,Vz,Fx,Fy,Fz
0,10,0,0,0,0,0,0,0,0,0,
1,1,2.65407,-6.69848,0,2.00082,-3.73469,0,-0.070956,0.179082,0,
