#,R,Px,Py,Pz,Vx,Vy,Vz,Fx,Fy,Fz
0,10,0,0,0,0,0,0,0,0,0,
1,1,13.6292,-27.007,0,1.89451,-3.4979,0,-0.00492313,0.0097555,0,
