#,R,Px,Py,Pz,Vx,Vy,Vz,Fx,Fy,Fz
0,10,0,0,0,0,0,0,0,0,0,
1,1,12.0802,-24.1468,0,1.89901,-3.50685,0,-0.00613736,0.0122679,0,
