#,R,Px,Py,Pz,Vx,Vy,Vz,Fx,Fy,Fz
0,10,0,0,0,0,0,0,0,0,0,
1,1,1.75342,-0.802787,0,0.948412,0.706405,0,-2.44486,1.11936,0,
