#,R,Px,Py,Pz,Vx,Vy,Vz,Fx,Fy,Fz
0,10,0,0,0,0,0,0,0,0,0,
1,1,9.09605,-18.6346,0,1.91143,-3.532,0,-0.0102016,0.0208996,0,
