#,R,Px,Py,Pz,Vx,Vy,Vz,Fx,Fy,Fz
0,10,0,0,0,0,0,0,0,0,0,
1,1,15.4269,-30.326,0,1.89033,-3.48965,0,-0.00391659,0.00769919,0,
