#,R,Px,Py,Pz,Vx,Vy,Vz,Fx,Fy,Fz
0,10,0,0,0,0,0,0,0,0,0,
1,1,-0.141335,0.217041,0,-5.6149,-5.52826,0,81.3463,-124.919,0,
