#,R,Px,Py,Pz,Vx,Vy,Vz,Fx,Fy,Fz
0,10,0,0,0,0,0,0,0,0,0,
1,1,1.95747,-0.407056,0,0.172997,0.985752,0,-2.44924,0.50932,0,
