#,R,Px,Py,Pz,Vx,Vy,Vz,Fx,Fy,Fz
0,10,0,0,0,0,0,0,0,0,0,
1,1,0.320126,0.503184,0,-4.66442,-1.08415,0,-15.0918,-23.7218,0,
