#,R,Px,Py,Pz,Vx,Vy,Vz,Fx,Fy,Fz
0,10,0,0,0,0,0,0,0,0,0,
1,1,1.19721,0.407401,0,-2.42691,0.844688,0,-5.91941,-2.01432,0,
