#,R,Px,Py,Pz,Vx,Vy,Vz,Fx,Fy,Fz
0,10,0,0,0,0,0,0,0,0,0,
1,1,1.91998,-0.561386,0,0.269824,0.962782,0,-2.39864,0.701341,0,
