#,R,Px,Py,Pz,Vx,Vy,Vz,Fx,Fy,Fz
0,10,0,0,0,0,0,0,0,0,0,
1,1,-0.164064,-0.306481,0,2.88477,-6.80146,0,39.0532,72.9538,0,
