#,R,Px,Py,Pz,Vx,Vy,Vz,Fx,Fy,Fz
0,10,0,0,0,0,0,0,0,0,0,
1,1,7.8512,-16.3338,0,1.919,-3.54762,0,-0.0131905,0.0274418,0,
