#,R,Px,Py,Pz,Vx,Vy,Vz,Fx,Fy,Fz
0,10,0,0,0,0,0,0,0,0,0,
1,1,1.99069,-0.0417844,0,-0.150934,1.00784,0,-2.52177,0.0529316,0,
