#,R,Px,Py,Pz,Vx,Vy,Vz,Fx,Fy,Fz
0,10,0,0,0,0,0,0,0,0,0,
1,1,0.148483,-0.646406,0,3.76011,-2.89974,0,-5.08937,22.156,0,
