#,R,Px,Py,Pz,Vx,Vy,Vz,Fx,Fy,Fz
0,10,0,0,0,0,0,0,0,0,0,
1,1,1.90565,-0.300255,0,-0.353039,1.10514,0,-2.65424,0.418203,0,
