#,R,Px,Py,Pz,Vx,Vy,Vz,Fx,Fy,Fz
0,10,0,0,0,0,0,0,0,0,0,
1,1,1.95431,-0.380698,0,0.404148,0.944653,0,-2.47601,0.482325,0,
