#,R,Px,Py,Pz,Vx,Vy,Vz,Fx,Fy,Fz
0,10,0,0,0,0,0,0,0,0,0,
1,1,6.63283,-14.0807,0,1.92868,-3.56798,0,-0.0175903,0.0373421,0,
