#,R,Px,Py,Pz,Vx,Vy,Vz,Fx,Fy,Fz
0,10,0,0,0,0,0,0,0,0,0,
1,1,14.4812,-28.5802,0,1.89241,-3.49374,0,-0.00440297,0.00868972,0,
