#,R,Px,Py,Pz,Vx,Vy,Vz,Fx,Fy,Fz
0,10,0,0,0,0,0,0,0,0,0,
1,1,13.3449,-26.4822,0,1.89526,-3.49939,0,-0.00511728,0.010155,0,
