#,R,Px,Py,Pz,Vx,Vy,Vz,Fx,Fy,Fz
0,10,0,0,0,0,0,0,0,0,0,
1,1,7.78722,-16.2156,0,1.91944,-3.54855,0,-0.0133783,0.0278579,0,
