#,R,Px,Py,Pz,Vx,Vy,Vz,Fx,Fy,Fz
0,10,0,0,0,0,0,0,0,0,0,
1,1,1.99306,0.0998843,0,-0.208384,0.994785,0,-2.50799,-0.125691,0,
