#,R,Px,Py,Pz,Vx,Vy,Vz,Fx,Fy,Fz
0,10,0,0,0,0,0,0,0,0,0,
1,1,6.69712,-14.1996,0,1.9281,-3.56674,0,-0.0173066,0.0366945,0,
