#,R,Px,Py,Pz,Vx,Vy,Vz,Fx,Fy,Fz
0,10,0,0,0,0,0,0,0,0,0,
1,1,1.98055,0.149513,0,-0.334071,0.987425,0,-2.52772,-0.190819,0,
