#,R,Px,Py,Pz,Vx,Vy,Vz,Fx,Fy,Fz
0,10,0,0,0,0,0,0,0,0,0,
1,1,1.99657,-0.108828,0,0.0160668,1.00084,0,-2.49745,0.136129,0,
