#,R,Px,Py,Pz,Vx,Vy,Vz,Fx,Fy,Fz
0,10,0,0,0,0,0,0,0,0,0,
1,1,0.0898541,-1.76869,0,2.19959,-4.67226,0,-0.161772,3.18433,0,
