#,R,Px,Py,Pz,Vx,Vy,Vz,Fx,Fy,Fz
0,10,0,0,0,0,0,0,0,0,0,
1,1,1.86676,0.208473,0,-0.808327,0.981105,0,-2.81676,-0.314566,0,
