#,R,Px,Py,Pz,Vx,Vy,Vz,Fx,Fy,Fz
0,10,0,0,0,0,0,0,0,0,0,
1,1,1.36798,-4.2822,0,2.06709,-3.92071,0,-0.150582,0.47137,0,
