#,R,Px,Py,Pz,Vx,Vy,Vz,Fx,Fy,Fz
0,10,0,0,0,0,0,0,0,0,0,
1,1,1.91734,-0.146712,0,-0.461432,1.07842,0,-2.69648,0.20633,0,
