#,R,Px,Py,Pz,Vx,Vy,Vz,Fx,Fy,Fz
0,10,0,0,0,0,0,0,0,0,0,
1,1,12.3966,-24.7312,0,1.898,-3.50485,0,-0.00585531,0.0116813,0,
