#,R,Px,Py,Pz,Vx,Vy,Vz,Fx,Fy,Fz
0,10,0,0,0,0,0,0,0,0,0,
1,1,12.4599,-24.848,0,1.89781,-3.50446,0,-0.00580125,0.0115691,0,
