#,R,Px,Py,Pz,Vx,Vy,Vz,Fx,Fy,Fz
0,10,0,0,0,0,0,0,0,0,0,
1,1,-0.0933889,-1.36249,0,2.19191,-5.03475,0,0.366641,5.34908,0,
