#,R,Px,Py,Pz,Vx,Vy,Vz,Fx,Fy,Fz
0,10,0,0,0,0,0,0,0,0,0,
1,1,1.12792,0.656609,0,-2.45242,0.345517,0,-5.0737,-2.9536,0,
