#,R,Px,Py,Pz,Vx,Vy,Vz,Fx,Fy,Fz
0,10,0,0,0,0,0,0,0,0,0,
1,1,1.85548,-0.621523,0,0.743348,0.828894,0,-2.47636,0.829499,0,
