#,R,Px,Py,Pz,Vx,Vy,Vz,Fx,Fy,Fz
0,10,0,0,0,0,0,0,0,0,0,
1,1,6.79351,-14.378,0,1.92724,-3.56492,0,-0.0168939,0.0357546,0,
