#,R,Px,Py,Pz,Vx,Vy,Vz,Fx,Fy,Fz
0,10,0,0,0,0,0,0,0,0,0,
1,1,1.97494,0.149301,0,-0.334891,0.987373,0,-2.54203,-0.192172,0,
