#,R,Px,Py,Pz,Vx,Vy,Vz,Fx,Fy,Fz
0,10,0,0,0,0,0,0,0,0,0,
1,1,-0.410162,-0.245728,0,0.390811,-7.53302,0,37.523,22.48,0,
