#,R,Px,Py,Pz,Vx,Vy,Vz,Fx,Fy,Fz
0,10,0,0,0,0,0,0,0,0,0,
1,1,2.38654,-6.1986,0,2.01104,-3.76091,0,-0.0814407,0.211527,0,
