#,R,Px,Py,Pz,Vx,Vy,Vz,Fx,Fy,Fz
0,10,0,0,0,0,0,0,0,0,0,
1,1,1.75411,-0.712932,0,1.03876,0.717993,0,-2.584,1.05023,0,
