#,R,Px,Py,Pz,Vx,Vy,Vz,Fx,Fy,Fz
0,10,0,0,0,0,0,0,0,0,0,
1,1,-0.20154,-1.09972,0,2.14168,-5.38101,0,1.4421,7.86893,0,
