#,R,Px,Py,Pz,Vx,Vy,Vz,Fx,Fy,Fz
0,10,0,0,0,0,0,0,0,0,0,
1,1,4.95339,-10.9714,0,1.94813,-3.61017,0,-0.0283964,0.062896,0,
