#,R,Px,Py,Pz,Vx,Vy,Vz,Fx,Fy,Fz
0,10,0,0,0,0,0,0,0,0,0,
1,1,0.783594,-0.855573,0,2.86364,-0.574342,0,-5.01778,5.4787,0,
