#,R,Px,Py,Pz,Vx,Vy,Vz,Fx,Fy,Fz
0,10,0,0,0,0,0,0,0,0,0,
1,1,1.99305,0.0832174,0,-0.166826,0.996521,0,-2.51089,-0.104839,0,
