#,R,Px,Py,Pz,Vx,Vy,Vz,Fx,Fy,Fz
0,10,0,0,0,0,0,0,0,0,0,
1,1,5.56903,-12.1118,0,1.93991,-3.59212,0,-0.0235076,0.0511257,0,
