#,R,Px,Py,Pz,Vx,Vy,Vz,Fx,Fy,Fz
0,10,0,0,0,0,0,0,0,0,0,
1,1,2.85386,-7.07122,0,1.99401,-3.71763,0,-0.0643643,0.15948,0,
