#,R,Px,Py,Pz,Vx,Vy,Vz,Fx,Fy,Fz
0,10,0,0,0,0,0,0,0,0,0,
1,1,1.89818,-0.564034,0,0.579156,0.881548,0,-2.44459,0.726397,0,
