#,R,Px,Py,Pz,Vx,Vy,Vz,Fx,Fy,Fz
0,10,0,0,0,0,0,0,0,0,0,
1,1,1.82233,-0.739428,0,0.746519,0.794587,0,-2.39583,0.97213,0,
