#,R,Px,Py,Pz,Vx,Vy,Vz,Fx,Fy,Fz
0,10,0,0,0,0,0,0,0,0,0,
1,1,-0.212143,-0.193123,0,1.38727,-8.16471,0,89.8503,81.7947,0,
