#,R,Px,Py,Pz,Vx,Vy,Vz,Fx,Fy,Fz
0,10,0,0,0,0,0,0,0,0,0,
1,1,5.95659,-12.8294,0,1.93544,-3.58244,0,-0.0210481,0.0453337,0,
