#,R,Px,Py,Pz,Vx,Vy,Vz,Fx,Fy,Fz
0,10,0,0,0,0,0,0,0,0,0,
1,1,1.04239,-0.884942,0,2.40451,-0.12265,0,-4.07731,3.46146,0,
